pl_name,hostname,sy_snum,sy_pnum,discoverymethod,disc_year,disc_facility,pl_controv_flag,pl_orbper,pl_orbpererr1,pl_orbpererr2,pl_orbperlim,pl_orbsmax,pl_orbsmaxerr1,pl_orbsmaxerr2,pl_orbsmaxlim,pl_rade,pl_radeerr1,pl_radeerr2,pl_radelim,pl_radj,pl_radjerr1,pl_radjerr2,pl_radjlim,pl_bmasse,pl_bmasseerr1,pl_bmasseerr2,pl_bmasselim,pl_bmassj,pl_bmassjerr1,pl_bmassjerr2,pl_bmassjlim,pl_bmassprov,pl_orbeccen,pl_orbeccenerr1,pl_orbeccenerr2,pl_orbeccenlim,pl_insol,pl_insolerr1,pl_insolerr2,pl_insollim,pl_eqt,pl_eqterr1,pl_eqterr2,pl_eqtlim,ttv_flag,st_spectype,st_teff,st_tefferr1,st_tefferr2,st_tefflim,st_rad,st_raderr1,st_raderr2,st_radlim,st_mass,st_masserr1,st_masserr2,st_masslim,st_met,st_meterr1,st_meterr2,st_metlim,st_metratio,st_logg,st_loggerr1,st_loggerr2,st_logglim,rastr,ra,decstr,dec,sy_dist,sy_disterr1,sy_disterr2,sy_vmag,sy_vmagerr1,sy_vmagerr2,sy_kmag,sy_kmagerr1,sy_kmagerr2,sy_gaiamag,sy_gaiamagerr1,sy_gaiamagerr2
EPIC 249893012 b,EPIC 249893012,1,3,Transit,2020,K2,0,3.5951,0.0003,-0.0003,0.0,0.047,0.005,-0.007,0.0,1.95,0.09,-0.08,0.0,0.174,0.008,-0.007,0.0,8.75,1.09,-1.08,0.0,0.02753,0.00343,-0.0034,0.0,Mass,0.06,0.08,-0.04,0.0,1037.0,482.0,-207.0,0.0,1616.0,149.0,-79.0,0.0,0,G8 IV/V,5430.0,85.0,-85.0,0.0,1.71,0.04,-0.04,0.0,1.05,0.05,-0.05,0.0,0.2,0.05,-0.05,0.0,[Fe/H],3.99,0.03,-0.03,0.0,15h12m59.58s,228.2482353,-16d43m28.73s,-16.7246474,321.296,4.189,-4.085,11.429,0.022,-0.022,9.714,0.023,-0.023,11.4019,0.000495,-0.000495
EPIC 249893012 c,EPIC 249893012,1,3,Transit,2020,K2,0,15.624,0.001,-0.001,0.0,0.13,0.01,-0.02,0.0,3.67,0.17,-0.14,0.0,0.327,0.015,-0.012,0.0,14.67,1.84,-1.89,0.0,0.04616,0.00579,-0.00595,0.0,Mass,0.07,0.08,-0.05,0.0,160.0,68.0,-29.0,0.0,990.0,92.0,-49.0,0.0,0,G8 IV/V,5430.0,85.0,-85.0,0.0,1.71,0.04,-0.04,0.0,1.05,0.05,-0.05,0.0,0.2,0.05,-0.05,0.0,[Fe/H],3.99,0.03,-0.03,0.0,15h12m59.58s,228.2482353,-16d43m28.73s,-16.7246474,321.296,4.189,-4.085,11.429,0.022,-0.022,9.714,0.023,-0.023,11.4019,0.000495,-0.000495
EPIC 249893012 d,EPIC 249893012,1,3,Transit,2020,K2,0,35.747,0.005,-0.005,0.0,0.22,0.02,-0.04,0.0,3.94,0.13,-0.12,0.0,0.352,0.012,-0.011,0.0,10.18,2.46,-2.42,0.0,0.03203,0.00774,-0.00761,0.0,Mass,0.15,0.21,-0.11,0.0,53.0,23.0,-10.0,0.0,752.0,69.0,-37.0,0.0,0,G8 IV/V,5430.0,85.0,-85.0,0.0,1.71,0.04,-0.04,0.0,1.05,0.05,-0.05,0.0,0.2,0.05,-0.05,0.0,[Fe/H],3.99,0.03,-0.03,0.0,15h12m59.58s,228.2482353,-16d43m28.73s,-16.7246474,321.296,4.189,-4.085,11.429,0.022,-0.022,9.714,0.023,-0.023,11.4019,0.000495,-0.000495
GJ 1132 b,GJ 1132,1,2,Transit,2015,Cerro Tololo Inter-American Observatory,0,1.62892911,2.9e-07,-3e-07,0.0,0.0157,0.00013,-0.00013,0.0,1.192,0.038,-0.045,0.0,0.106,0.003,-0.004,0.0,1.83705,0.1907,-0.18752,0.0,0.00578,0.0006,-0.00059,0.0,Mass,0.0118,0.047,-0.0099,0.0,19.3,1.5,-1.1,0.0,584.0,11.0,-8.0,0.0,0,M4.5 V,3229.0,78.0,-62.0,0.0,0.22,0.01,-0.01,0.0,0.19,0.0,0.0,0.0,-0.17,0.15,-0.15,0.0,[Fe/H],5.04,0.03,-0.03,0.0,10h14m50.18s,153.7090696,-47d09m17.77s,-47.1549358,12.613,0.007,-0.007,13.68,0.2,-0.2,8.322,0.027,-0.027,12.138,0.000387,-0.000387
GJ 1214 b,GJ 1214,1,1,Transit,2009,MEarth Project,0,1.58040453,2e-08,-2e-08,0.0,0.01505,0.00011,-0.00011,0.0,2.733,0.033,-0.031,0.0,0.244,0.003,-0.003,0.0,8.41,0.36,-0.35,0.0,0.02646,0.00113,-0.0011,0.0,Mass,0.0062,0.0079,-0.0044,0.0,17.2,1.0,-0.9,0.0,567.0,8.0,-8.0,0.0,0,M4 V,3101.0,43.0,-43.0,0.0,0.22,0.0,0.0,0.0,0.18,0.0,0.0,0.0,0.24,0.11,-0.11,0.0,[Fe/H],5.03,0.01,-0.01,0.0,17h15m19.54s,258.8313991,+04d57m38.45s,4.9606795,14.6427,0.0372,-0.0372,15.1,0.2,-0.2,8.782,0.02,-0.02,13.0089,0.001061,-0.001061
GJ 367 b,GJ 367,1,3,Transit,2021,Transiting Exoplanet Survey Satellite (TESS),0,0.3219225,2e-07,-2e-07,0.0,0.00709,0.00027,-0.00027,0.0,0.699,0.024,-0.024,0.0,0.062,0.002,-0.002,0.0,0.633,0.05,-0.05,0.0,0.00199,0.00016,-0.00016,0.0,Mass,0.06,0.07,-0.04,0.0,579.0,57.0,-52.0,0.0,1365.0,32.0,-32.0,0.0,0,M1.0 V,3522.0,70.0,-70.0,0.0,0.46,0.01,-0.01,0.0,0.46,0.01,-0.01,0.0,-0.01,0.12,-0.12,0.0,[Fe/H],4.78,0.03,-0.03,0.0,09h44m29.15s,146.121464,-45d46m44.46s,-45.7790165,9.41263,0.002835,-0.002835,10.153,0.044,-0.044,5.78,0.02,-0.02,9.15159,0.00065,-0.00065
HAT-P-19 b,HAT-P-19,1,1,Transit,2010,HATNet,0,4.00878322,1.9e-07,-1.9e-07,0.0,0.04599,0.00063,-0.00058,0.0,11.299,0.157,-0.146,0.0,1.008,0.014,-0.013,0.0,88.03847,5.40308,-5.08525,0.0,0.277,0.017,-0.016,0.0,Mass,0.07,0.04,-0.04,0.0,154.0,5.0,-5.0,0.0,981.0,8.0,-8.0,0.0,0,K1,4962.0,39.0,-41.0,0.0,0.77,0.01,-0.01,0.0,0.81,0.03,-0.03,0.0,0.166,0.07,-0.068,0.0,[Fe/H],4.57,0.01,-0.01,0.0,00h38m03.98s,9.5165832,+34d42m41.05s,34.7114025,202.078,1.471,-1.451,12.826,0.057,-0.057,10.546,0.019,-0.019,12.5567,0.000238,-0.000238
HAT-P-25 b,HAT-P-25,1,1,Transit,2010,HATNet,0,3.65281514,7.6e-07,-7.5e-07,0.0,0.0466,0.00081,-0.0008,0.0,12.722,0.538,-0.538,0.0,1.135,0.048,-0.048,0.0,180.84527,7.31009,-6.99226,0.0,0.569,0.023,-0.022,0.0,Mass,0.023,0.022,-0.014,0.0,325.0,29.0,-26.0,0.0,1182.0,25.0,-25.0,0.0,0,G5,5519.0,78.0,-76.0,0.0,0.92,0.03,-0.03,0.0,1.01,0.05,-0.05,0.0,0.294,0.08,-0.08,0.0,[Fe/H],4.52,0.03,-0.03,0.0,03h13m44.51s,48.4354731,+25d11m50.48s,25.1973548,300.384,4.3,-4.182,13.146,0.092,-0.092,10.815,0.018,-0.018,12.8416,0.000244,-0.000244
HAT-P-36 b,HAT-P-36,1,1,Transit,2011,HATNet,0,1.32734683,4.8e-07,-4.8e-07,0.0,0.0241,0.00047,-0.00047,0.0,14.314,0.224,-0.224,0.0,1.277,0.02,-0.02,0.0,587.41341,27.65121,-27.65121,0.0,1.8482,0.087,-0.087,0.0,Mass,0.063,0.021,-0.023,0.0,1821.0,27.0,-27.0,0.0,1781.0,19.0,-19.0,0.0,0,G5 V,5620.0,40.0,-40.0,0.0,1.04,0.01,-0.01,0.0,1.03,0.03,-0.03,0.0,0.25,0.09,-0.09,0.0,[Fe/H],4.42,0.01,-0.01,0.0,12h33m03.89s,188.2662048,+44d54m55.32s,44.9153672,294.419,2.269,-2.235,12.146,0.025,-0.025,10.603,0.021,-0.021,12.093,0.000533,-0.000533
HAT-P-9 b,HAT-P-9,1,1,Transit,2008,HATNet,0,3.92281072,1.02e-06,-1.02e-06,0.0,0.05287,0.00078,-0.00078,0.0,15.614,0.751,-0.729,0.0,1.393,0.067,-0.065,0.0,238.05467,20.34112,-20.02329,0.0,0.749,0.064,-0.063,0.0,Mass,0.084,0.052,-0.047,0.0,931.0,73.0,-69.0,0.0,1540.0,32.0,-30.0,0.0,0,F7,6350.0,150.0,-150.0,0.0,1.34,0.07,-0.06,0.0,1.28,0.06,-0.06,0.0,0.12,0.2,-0.2,0.0,[Fe/H],4.29,0.03,-0.04,0.0,07h20m40.44s,110.1685157,+37d08m26.14s,37.1405946,455.203,8.968,-8.635,12.344,0.047,-0.047,11.015,0.021,-0.021,12.1536,0.000227,-0.000227
HATS-17 b,HATS-17,1,1,Transit,2016,HATSouth,0,16.254611,7.3e-05,-7.3e-05,0.0,0.1308,0.0012,-0.0012,0.0,8.709,0.628,-0.628,0.0,0.777,0.056,-0.056,0.0,425.25654,20.65895,-20.65895,0.0,1.338,0.065,-0.065,0.0,Mass,0.029,0.022,-0.022,0.0,72.7,9.6,-9.6,0.0,814.0,25.0,-25.0,0.0,0,G V,5846.0,78.0,-78.0,0.0,1.09,0.07,-0.05,0.0,1.13,0.03,-0.03,0.0,0.3,0.03,-0.03,0.0,[Fe/H],4.42,0.04,-0.04,0.0,12h48m45.50s,192.1895676,-47d36m49.24s,-47.6136789,400.331,10.228,-9.74,12.402,0.057,-0.057,10.698,0.021,-0.021,12.2179,0.000249,-0.000249
HATS-36 b,HATS-36,1,1,Transit,2018,HATSouth,0,4.175186,3.3e-05,-3.3e-05,0.0,0.0523,0.0006,-0.0006,0.0,12.92,0.38,-0.38,0.0,1.153,0.034,-0.034,0.0,1022.14128,19.70546,-19.70546,0.0,3.216,0.062,-0.062,0.0,Mass,0.105,0.028,-0.028,0.0,561.0,51.0,-51.0,0.0,1203.0,25.0,-24.0,0.0,0,G0 V,5950.0,83.0,-83.0,0.0,1.1,0.03,-0.03,0.0,1.1,0.04,-0.04,0.0,0.15,0.06,-0.06,0.0,[Fe/H],4.4,0.03,-0.03,0.0,19h25m54.89s,291.4787013,-23d12m10.15s,-23.2028183,856.436,21.874,-20.829,14.364,0.149,-0.149,12.809,0.026,-0.026,14.233,0.000411,-0.000411
HD 106315 b,HD 106315,1,2,Transit,2017,K2,0,9.55237,0.00089,-0.00089,0.0,0.0907,0.001,-0.001,0.0,2.44,0.17,-0.17,0.0,0.218,0.015,-0.015,0.0,12.6,3.2,-3.2,0.0,0.03964,0.01007,-0.01007,0.0,Mass,0.093,0.11,-0.068,0.0,240.0,48.0,-43.0,0.0,1153.0,25.0,-25.0,0.0,0,F5 V,6327.0,48.0,-48.0,0.0,1.3,0.06,-0.06,0.0,1.09,0.04,-0.04,0.0,-0.311,0.079,-0.079,0.0,[Fe/H],4.25,0.04,-0.04,0.0,12h13m53.39s,183.4724742,-00d23m36.37s,-0.3934357,109.353,0.691,-0.681,8.951,0.003,-0.003,7.853,0.02,-0.02,8.88841,0.000251,-0.000251
HD 106315 c,HD 106315,1,2,Transit,2017,K2,0,21.05704,0.00046,-0.00046,0.0,0.1536,0.0017,-0.0017,0.0,4.35,0.23,-0.23,0.0,0.388,0.021,-0.021,0.0,15.2,3.7,-3.7,0.0,0.04782,0.01164,-0.01164,0.0,Mass,0.22,0.15,-0.15,0.0,83.0,16.0,-15.0,0.0,886.0,20.0,-20.0,0.0,1,F5 V,6327.0,48.0,-48.0,0.0,1.3,0.06,-0.06,0.0,1.09,0.04,-0.04,0.0,-0.311,0.079,-0.079,0.0,[Fe/H],4.25,0.04,-0.04,0.0,12h13m53.39s,183.4724742,-00d23m36.37s,-0.3934357,109.353,0.691,-0.681,8.951,0.003,-0.003,7.853,0.02,-0.02,8.88841,0.000251,-0.000251
HD 110113 b,HD 110113,1,2,Transit,2021,Transiting Exoplanet Survey Satellite (TESS),0,2.541,0.0005,-0.001,0.0,0.035,0.001,-0.001,0.0,2.05,0.12,-0.12,0.0,0.183,0.011,-0.011,0.0,4.55,0.62,-0.62,0.0,0.01432,0.00195,-0.00195,0.0,Mass,0.093,0.079,-0.064,0.0,735.49,29.39,-29.39,0.0,1371.0,14.0,-14.0,0.0,0,G,5732.0,50.0,-50.0,0.0,0.97,0.02,-0.02,0.0,1.0,0.06,-0.06,0.0,0.14,0.02,-0.02,0.0,[Fe/H],4.46,0.05,-0.05,0.0,12h40m08.78s,190.0365636,-44d18m43.48s,-44.3120777,106.307,0.724,-0.715,10.09,0.03,-0.03,8.502,0.024,-0.024,9.91036,0.000452,-0.000452
HD 110113 c,HD 110113,1,2,Radial Velocity,2021,La Silla Observatory,0,6.744,0.008,-0.009,0.0,0.068,0.001,-0.002,0.0,2.114,4.644,-4.644,0.0,0.189,0.414,-0.414,0.0,10.5,1.2,-1.2,0.0,0.03304,0.00378,-0.00378,0.0,Msini,0.045,0.079,-0.038,0.0,199.9,8.1,-8.1,0.0,990.0,10.0,-10.0,0.0,0,G,5732.0,50.0,-50.0,0.0,0.97,0.02,-0.02,0.0,1.0,0.06,-0.06,0.0,0.14,0.02,-0.02,0.0,[Fe/H],4.46,0.05,-0.05,0.0,12h40m08.78s,190.0365636,-44d18m43.48s,-44.3120777,106.307,0.724,-0.715,10.09,0.03,-0.03,8.502,0.024,-0.024,9.91036,0.000452,-0.000452
HD 118203 b,HD 118203,1,2,Radial Velocity,2005,Haute-Provence Observatory,0,6.134989,1.3e-06,-1.3e-06,0.0,0.0701,0.0004,-0.0004,0.0,12.554,1.009,-1.009,0.0,1.12,0.09,-0.09,0.0,693.50158,10.48834,-10.48834,0.0,2.182,0.033,-0.033,0.0,Mass,0.301,0.006,-0.006,0.0,593.4,8.2,-8.2,0.0,1371.0,16.0,-17.0,0.0,0,K0 IV,5788.0,51.0,-51.0,0.0,2.03,0.16,-0.16,0.0,1.22,0.02,-0.02,0.0,0.22,0.02,-0.02,0.0,[Fe/H],3.99,0.12,-0.12,0.0,13h34m02.39s,203.509956,+53d43m41.48s,53.7281876,92.2589,0.2364,-0.2352,8.05,0.03,-0.03,6.543,0.023,-0.023,7.89255,0.00031,-0.00031
HD 1397 b,HD 1397,1,1,Transit,2018,Transiting Exoplanet Survey Satellite (TESS),0,11.53533,0.00079,-0.0008,0.0,0.1097,0.0011,-0.0013,0.0,11.5,0.28,-0.303,0.0,1.026,0.025,-0.027,0.0,131.89945,6.3566,-6.3566,0.0,0.415,0.02,-0.02,0.0,Mass,0.251,0.02,-0.019,0.0,356.0,12.0,-12.0,0.0,1228.0,10.0,-10.0,0.0,0,G5 III/IV,5521.0,60.0,-60.0,0.0,2.34,0.05,-0.06,0.0,1.32,0.04,-0.05,0.0,0.29,0.09,-0.09,0.0,[Fe/H],3.82,0.02,-0.02,0.0,00h17m47.32s,4.4471631,-66d21m32.14s,-66.3589285,79.5702,0.1738,-0.1731,7.79,0.03,-0.03,5.988,0.018,-0.018,7.59336,0.000278,-0.000278
HD 183579 b,HD 183579,1,1,Transit,2021,Transiting Exoplanet Survey Satellite (TESS),0,17.471291,2.7e-05,-2.8e-05,0.0,0.1322,0.0021,-0.0022,0.0,3.49,0.07,-0.064,0.0,0.311,0.006,-0.006,0.0,20.4,2.6,-2.5,0.0,0.06419,0.00818,-0.00787,0.0,Mass,0.061,0.061,-0.042,0.0,58.1,5.3,-3.9,0.0,752.0,10.0,-10.0,0.0,0,G2 V,5784.0,61.0,-61.0,0.0,0.96,0.01,-0.01,0.0,1.0,0.05,-0.05,0.0,-0.038,0.04,-0.04,0.0,[Fe/H],4.45,0.1,-0.1,0.0,19h33m08.79s,293.2866147,-54d31m57.82s,-54.5327284,57.2651,0.1875,-0.1864,8.67,0.03,-0.03,7.15,0.027,-0.027,8.51549,0.000259,-0.000259
HD 18599 b,HD 18599,2,1,Transit,2022,Transiting Exoplanet Survey Satellite (TESS),0,4.1374354,3.6e-06,-3.7e-06,0.0,0.048,0.0004,-0.0004,0.0,2.6,0.15,-0.13,0.0,0.232,0.013,-0.012,0.0,24.1,7.1,-7.7,0.0,0.07583,0.02234,-0.02423,0.0,Mass,0.34,0.07,-0.09,0.0,145.0,16.0,-12.0,0.0,863.0,21.0,-18.0,0.0,0,K2 V,5145.0,50.0,-50.0,0.0,0.77,0.02,-0.02,0.0,0.86,0.02,-0.02,0.0,0.0,0.08,-0.08,0.0,[Fe/H],4.54,0.09,-0.09,0.0,02h57m02.88s,44.2620144,-56d11m30.73s,-56.1918694,38.5653,0.0366,-0.0366,8.99,0.03,-0.03,6.883,0.02,-0.02,8.73117,0.000651,-0.000651
HD 191939 b,HD 191939,1,6,Transit,2020,Transiting Exoplanet Survey Satellite (TESS),0,8.8803256,4.7e-06,-4.7e-06,0.0,0.0804,0.0025,-0.0023,0.0,3.41,0.075,-0.075,0.0,0.304,0.007,-0.007,0.0,10.0,0.7,-0.7,0.0,0.03146,0.0022,-0.0022,0.0,Mass,0.031,0.01,-0.011,0.0,100.0,7.0,-7.0,0.0,880.0,20.0,-20.0,0.0,0,G9 V,5348.0,100.0,-100.0,0.0,0.94,0.02,-0.02,0.0,0.81,0.04,-0.04,0.0,-0.15,0.06,-0.06,0.0,[Fe/H],4.3,0.1,-0.1,0.0,20h08m06.15s,302.0256247,+66d51m01.09s,66.8503014,53.6089,0.0733,-0.0731,8.97,0.03,-0.03,7.18,0.021,-0.021,8.77476,0.000238,-0.000238
HD 191939 c,HD 191939,1,6,Transit,2020,Transiting Exoplanet Survey Satellite (TESS),0,28.579743,4.5e-05,-4.5e-05,0.0,0.1752,0.0055,-0.005,0.0,3.195,0.075,-0.075,0.0,0.285,0.007,-0.007,0.0,8.0,1.0,-1.0,0.0,0.02517,0.00315,-0.00315,0.0,Mass,0.034,0.034,-0.013,0.0,21.0,1.4,-1.4,0.0,600.0,13.0,-13.0,0.0,0,G9 V,5348.0,100.0,-100.0,0.0,0.94,0.02,-0.02,0.0,0.81,0.04,-0.04,0.0,-0.15,0.06,-0.06,0.0,[Fe/H],4.3,0.1,-0.1,0.0,20h08m06.15s,302.0256247,+66d51m01.09s,66.8503014,53.6089,0.0733,-0.0731,8.97,0.03,-0.03,7.18,0.021,-0.021,8.77476,0.000238,-0.000238
HD 191939 d,HD 191939,1,6,Transit,2020,Transiting Exoplanet Survey Satellite (TESS),0,38.353037,6e-05,-6e-05,0.0,0.2132,0.0065,-0.0061,0.0,2.995,0.07,-0.07,0.0,0.267,0.006,-0.006,0.0,2.8,0.6,-0.6,0.0,0.00881,0.00189,-0.00189,0.0,Mass,0.031,0.018,-0.012,0.0,14.3,1.0,-1.0,0.0,540.0,11.0,-11.0,0.0,0,G9 V,5348.0,100.0,-100.0,0.0,0.94,0.02,-0.02,0.0,0.81,0.04,-0.04,0.0,-0.15,0.06,-0.06,0.0,[Fe/H],4.3,0.1,-0.1,0.0,20h08m06.15s,302.0256247,+66d51m01.09s,66.8503014,53.6089,0.0733,-0.0731,8.97,0.03,-0.03,7.18,0.021,-0.021,8.77476,0.000238,-0.000238
HD 207496 b,HD 207496,1,1,Transit,2023,Transiting Exoplanet Survey Satellite (TESS),0,6.441008,1.1e-05,-1.1e-05,0.0,0.0629,0.0011,-0.0011,0.0,2.25,0.12,-0.1,0.0,0.201,0.011,-0.009,0.0,6.1,1.6,-1.6,0.0,0.01919,0.00503,-0.00503,0.0,Mass,0.231,0.042,-0.049,0.0,72.9,8.5,-7.5,0.0,743.0,26.0,-26.0,0.0,0,K2.5 V,4819.0,94.0,-94.0,0.0,0.77,0.03,-0.03,0.0,0.8,0.04,-0.04,0.0,0.095,0.038,-0.038,0.0,[Fe/H],4.51,0.04,-0.04,0.0,21h54m52.36s,328.7181708,-77d20m19.69s,-77.3388025,23.606,0.0179,-0.0179,8.23,0.03,-0.03,5.967,0.026,-0.026,7.97255,0.000514,-0.000514
HD 219134 c,HD 219134,1,6,Radial Velocity,2015,Roque de los Muchachos Observatory,0,6.76458,0.00033,-0.00033,0.0,0.0653,0.0008,-0.0008,0.0,1.511,0.047,-0.047,0.0,0.135,0.004,-0.004,0.0,4.36,0.22,-0.22,0.0,0.01372,0.00069,-0.00069,0.0,Mass,0.062,0.039,-0.039,0.0,62.1,1.9,-1.9,0.0,782.0,6.0,-6.0,0.0,0,K3 V,4699.0,16.0,-16.0,0.0,0.78,0.01,-0.01,0.0,0.81,0.03,-0.03,0.0,0.11,0.04,-0.04,0.0,[Fe/H],4.57,0.02,-0.02,0.0,23h13m20.93s,348.3372026,+57d10m10.65s,57.1696255,6.53127,0.00384,-0.00385,5.56911,0.023,-0.023,3.261,0.304,-0.304,5.2402,0.0022257,-0.0022257
HD 219134 d,HD 219134,1,6,Radial Velocity,2015,Roque de los Muchachos Observatory,0,46.859,0.028,-0.028,0.0,0.237,0.003,-0.003,0.0,1.61,0.02,-0.02,-1.0,0.144,0.002,-0.002,-1.0,16.17,0.64,-0.64,-1.0,0.05088,0.00201,-0.00201,-1.0,Mass,0.138,0.025,-0.025,0.0,4.72,0.15,-0.15,0.0,410.0,3.0,-3.0,0.0,0,K3 V,4699.0,16.0,-16.0,0.0,0.78,0.01,-0.01,0.0,0.81,0.03,-0.03,0.0,0.11,0.04,-0.04,0.0,[Fe/H],4.57,0.02,-0.02,0.0,23h13m20.93s,348.3372026,+57d10m10.65s,57.1696255,6.53127,0.00384,-0.00385,5.56911,0.023,-0.023,3.261,0.304,-0.304,5.2402,0.0022257,-0.0022257
HD 219134 f,HD 219134,1,6,Radial Velocity,2015,Multiple Observatories,1,22.717,0.015,-0.015,0.0,0.1463,0.0018,-0.0018,0.0,1.31,0.02,-0.02,-1.0,0.117,0.002,-0.002,-1.0,7.3,0.4,-0.4,-1.0,0.02297,0.00126,-0.00126,-1.0,Mass,0.148,0.047,-0.047,0.0,12.38,0.38,-0.38,0.0,523.0,4.0,-4.0,0.0,0,K3 V,4699.0,16.0,-16.0,0.0,0.78,0.01,-0.01,0.0,0.81,0.03,-0.03,0.0,0.11,0.04,-0.04,0.0,[Fe/H],4.57,0.02,-0.02,0.0,23h13m20.93s,348.3372026,+57d10m10.65s,57.1696255,6.53127,0.00384,-0.00385,5.56911,0.023,-0.023,3.261,0.304,-0.304,5.2402,0.0022257,-0.0022257
HD 23472 b,HD 23472,1,5,Transit,2019,Transiting Exoplanet Survey Satellite (TESS),0,17.667087,4.2e-05,-4.2e-05,0.0,0.1162,0.0018,-0.0018,0.0,2.0,0.11,-0.1,0.0,0.178,0.01,-0.009,0.0,8.32,0.78,-0.79,0.0,0.02618,0.00245,-0.00249,0.0,Mass,0.072,0.039,-0.04,0.0,16.0,1.8,-1.6,0.0,543.0,18.0,-18.0,0.0,0,K4 V,4684.0,99.0,-99.0,0.0,0.71,0.02,-0.02,0.0,0.67,0.03,-0.03,0.0,-0.2,0.05,-0.05,0.0,[Fe/H],4.53,0.08,-0.08,0.0,03h41m50.17s,55.4590314,-62d46m02.16s,-62.7672667,39.0341,0.0401,-0.04,9.73,0.03,-0.03,7.207,0.023,-0.023,9.38476,0.000227,-0.000227
HD 23472 c,HD 23472,1,5,Transit,2019,Transiting Exoplanet Survey Satellite (TESS),0,29.79749,0.00013,-0.00014,0.0,0.1646,0.0024,-0.0024,0.0,1.87,0.12,-0.11,0.0,0.167,0.011,-0.01,0.0,3.41,0.88,-0.81,0.0,0.01073,0.00277,-0.00255,0.0,Mass,0.063,0.054,-0.043,0.0,7.96,0.87,-0.78,0.0,467.0,19.0,-18.0,0.0,0,K4 V,4684.0,99.0,-99.0,0.0,0.71,0.02,-0.02,0.0,0.67,0.03,-0.03,0.0,-0.2,0.05,-0.05,0.0,[Fe/H],4.53,0.08,-0.08,0.0,03h41m50.17s,55.4590314,-62d46m02.16s,-62.7672667,39.0341,0.0401,-0.04,9.73,0.03,-0.03,7.207,0.023,-0.023,9.38476,0.000227,-0.000227
HD 23472 d,HD 23472,1,5,Transit,2022,Transiting Exoplanet Survey Satellite (TESS),0,3.97664,3e-05,-4.4e-05,0.0,0.04298,0.00063,-0.00065,0.0,0.75,0.067,-0.057,0.0,0.067,0.006,-0.005,0.0,0.55,0.21,-0.2,0.0,0.00173,0.00066,-0.00063,0.0,Mass,0.07,0.05,-0.047,0.0,117.0,13.0,-11.0,0.0,909.0,35.0,-32.0,0.0,0,K4 V,4684.0,99.0,-99.0,0.0,0.71,0.02,-0.02,0.0,0.67,0.03,-0.03,0.0,-0.2,0.05,-0.05,0.0,[Fe/H],4.53,0.08,-0.08,0.0,03h41m50.17s,55.4590314,-62d46m02.16s,-62.7672667,39.0341,0.0401,-0.04,9.73,0.03,-0.03,7.207,0.023,-0.023,9.38476,0.000227,-0.000227
HD 23472 e,HD 23472,1,5,Transit,2022,Transiting Exoplanet Survey Satellite (TESS),0,7.90754,0.00011,-0.00011,0.0,0.068,0.001,-0.001,0.0,0.818,0.08,-0.065,0.0,0.073,0.007,-0.006,0.0,0.72,0.28,-0.27,0.0,0.00227,0.00088,-0.00085,0.0,Mass,0.07,0.052,-0.047,0.0,46.7,5.1,-4.6,0.0,723.0,28.0,-25.0,0.0,0,K4 V,4684.0,99.0,-99.0,0.0,0.71,0.02,-0.02,0.0,0.67,0.03,-0.03,0.0,-0.2,0.05,-0.05,0.0,[Fe/H],4.53,0.08,-0.08,0.0,03h41m50.17s,55.4590314,-62d46m02.16s,-62.7672667,39.0341,0.0401,-0.04,9.73,0.03,-0.03,7.207,0.023,-0.023,9.38476,0.000227,-0.000227
HD 23472 f,HD 23472,1,5,Transit,2022,Transiting Exoplanet Survey Satellite (TESS),0,12.1621839,0.00012,-9.9e-05,0.0,0.0906,0.0014,-0.0014,0.0,1.137,0.084,-0.077,0.0,0.101,0.007,-0.007,0.0,0.77,0.44,-0.4,0.0,0.00242,0.00138,-0.00126,0.0,Mass,0.07,0.048,-0.051,0.0,26.3,2.9,-2.6,0.0,630.0,27.0,-23.0,0.0,0,K4 V,4684.0,99.0,-99.0,0.0,0.71,0.02,-0.02,0.0,0.67,0.03,-0.03,0.0,-0.2,0.05,-0.05,0.0,[Fe/H],4.53,0.08,-0.08,0.0,03h41m50.17s,55.4590314,-62d46m02.16s,-62.7672667,39.0341,0.0401,-0.04,9.73,0.03,-0.03,7.207,0.023,-0.023,9.38476,0.000227,-0.000227
HD 260655 b,HD 260655,1,2,Transit,2022,Transiting Exoplanet Survey Satellite (TESS),0,2.76953,3e-05,-3e-05,0.0,0.02933,0.00024,-0.00024,0.0,1.24,0.023,-0.023,0.0,0.111,0.002,-0.002,0.0,2.14,0.34,-0.34,0.0,0.00673,0.00107,-0.00107,0.0,Mass,0.039,0.043,-0.023,0.0,42.2,0.7,-0.7,0.0,709.0,4.0,-4.0,0.0,0,M0 V,3803.0,10.0,-10.0,0.0,0.44,0.0,0.0,0.0,0.44,0.01,-0.01,0.0,-0.43,0.04,-0.04,0.0,[Fe/H],5.2,0.07,-0.07,0.0,06h37m09.97s,99.2915429,+17d33m58.57s,17.5662696,10.0055,0.00505,-0.00505,9.63,0.1,-0.1,5.862,0.024,-0.024,8.876041,0.000554,-0.000554
HD 260655 c,HD 260655,1,2,Transit,2022,Transiting Exoplanet Survey Satellite (TESS),0,5.70588,7e-05,-7e-05,0.0,0.04749,0.00039,-0.00039,0.0,1.533,0.051,-0.046,0.0,0.137,0.005,-0.004,0.0,3.09,0.48,-0.48,0.0,0.00972,0.00151,-0.00151,0.0,Mass,0.038,0.036,-0.022,0.0,16.1,0.3,-0.3,0.0,557.0,3.0,-3.0,0.0,0,M0 V,3803.0,10.0,-10.0,0.0,0.44,0.0,0.0,0.0,0.44,0.01,-0.01,0.0,-0.43,0.04,-0.04,0.0,[Fe/H],5.2,0.07,-0.07,0.0,06h37m09.97s,99.2915429,+17d33m58.57s,17.5662696,10.0055,0.00505,-0.00505,9.63,0.1,-0.1,5.862,0.024,-0.024,8.876041,0.000554,-0.000554
HD 5278 b,HD 5278,1,2,Transit,2021,Transiting Exoplanet Survey Satellite (TESS),0,14.339156,4.9e-05,-4.7e-05,0.0,0.1202,0.0013,-0.0013,0.0,2.45,0.05,-0.05,0.0,0.219,0.004,-0.004,0.0,7.8,1.5,-1.4,0.0,0.02454,0.00472,-0.0044,0.0,Mass,0.08,0.09,-0.05,0.0,132.0,5.0,-5.0,0.0,943.0,13.0,-13.0,0.0,0,F V,6203.0,64.0,-64.0,0.0,1.19,0.02,-0.02,0.0,1.13,0.04,-0.04,0.0,-0.12,0.04,-0.04,0.0,[Fe/H],4.5,0.11,-0.11,0.0,00h50m11.23s,12.5467785,-83d44m37.56s,-83.7437671,57.5846,0.0947,-0.0943,7.94,0.03,-0.03,6.605,0.027,-0.027,7.80375,0.00027,-0.00027
HD 73583 b,HD 73583,1,2,Transit,2022,Transiting Exoplanet Survey Satellite (TESS),0,6.398042,6.7e-06,-6.2e-06,0.0,0.0604,0.0027,-0.0026,0.0,2.79,0.1,-0.1,0.0,0.249,0.009,-0.009,0.0,10.2,3.4,-3.1,0.0,0.03209,0.0107,-0.00975,0.0,Mass,0.09,0.09,-0.06,0.0,43.3,5.3,-4.7,0.0,714.0,21.0,-20.0,0.0,0,K4 V,4511.0,110.0,-110.0,0.0,0.65,0.02,-0.02,0.0,0.73,0.02,-0.02,0.0,0.0,0.09,-0.09,0.0,[Fe/H],4.62,0.12,-0.12,0.0,08h38m45.19s,129.6883026,-13d15m23.50s,-13.2565267,31.5666,0.0321,-0.032,9.67,0.03,-0.03,6.948,0.024,-0.024,9.27033,0.00048,-0.00048
HD 73583 c,HD 73583,1,2,Transit,2022,Transiting Exoplanet Survey Satellite (TESS),0,18.87974,0.00086,-0.00074,0.0,0.1242,0.0055,-0.0054,0.0,2.39,0.1,-0.09,0.0,0.213,0.009,-0.008,0.0,9.7,1.8,-1.7,0.0,0.03052,0.00566,-0.00535,0.0,Mass,0.08,0.11,-0.06,0.0,10.2,1.2,-1.1,0.0,498.0,15.0,-15.0,0.0,0,K4 V,4511.0,110.0,-110.0,0.0,0.65,0.02,-0.02,0.0,0.73,0.02,-0.02,0.0,0.0,0.09,-0.09,0.0,[Fe/H],4.62,0.12,-0.12,0.0,08h38m45.19s,129.6883026,-13d15m23.50s,-13.2565267,31.5666,0.0321,-0.032,9.67,0.03,-0.03,6.948,0.024,-0.024,9.27033,0.00048,-0.00048
HD 95338 b,HD 95338,1,1,Radial Velocity,2020,Las Campanas Observatory,0,55.087,0.02,-0.02,0.0,0.262,0.002,-0.002,0.0,3.89,0.19,-0.2,0.0,0.347,0.017,-0.018,0.0,42.44,2.22,-2.08,0.0,0.13353,0.00698,-0.00654,0.0,Mass,0.197,0.029,-0.024,0.0,7.42,0.22,-0.22,0.0,385.0,17.0,-17.0,0.0,0,K0.5 V,5212.0,16.0,-11.0,0.0,0.87,0.04,-0.04,0.0,0.83,0.02,-0.02,0.0,0.04,0.1,-0.1,0.0,[Fe/H],4.54,0.21,-0.21,0.0,10h59m25.52s,164.8563364,-56d37m24.80s,-56.6235564,36.9941,0.0689,-0.0687,8.62,0.03,-0.03,6.591,0.018,-0.018,8.38213,0.000279,-0.000279
K2-10 b,K2-10,1,1,Transit,2015,K2,0,19.3044,0.0012,-0.0012,0.0,0.137,0.0015,-0.0015,0.0,3.84,0.35,-0.34,0.0,0.343,0.031,-0.03,0.0,27.0,17.0,-16.0,0.0,0.08495,0.05349,-0.05034,0.0,Mass,0.31,0.16,-0.18,0.0,54.1,9.5,-9.5,0.0,703.0,55.0,-55.0,0.0,0,F9,5620.0,70.0,-70.0,0.0,0.98,0.08,-0.08,0.0,0.92,0.05,-0.05,0.0,-0.07,0.07,-0.07,0.0,[Fe/H],4.5,0.08,-0.08,0.0,11h28m29.20s,172.1216476,+01d41m26.24s,1.6906217,272.36,3.112,-3.044,12.429,0.069,-0.069,10.645,0.021,-0.021,12.2156,0.00024,-0.00024
K2-138 b,K2-138,1,6,Transit,2017,K2,0,2.35309,0.00022,-0.00022,0.0,0.03385,0.00023,-0.00029,0.0,1.51,0.11,-0.084,0.0,0.135,0.01,-0.007,0.0,3.1,1.05,-1.05,0.0,0.00975,0.0033,-0.0033,0.0,Mass,0.048,0.054,-0.033,0.0,486.0,37.0,-35.0,0.0,1157.0,78.0,-74.0,0.0,0,G8 V,5356.3,41.8,-13.1,0.0,0.86,0.03,-0.02,0.0,0.94,0.02,-0.02,0.0,0.14,0.04,-0.04,0.0,[M/H],4.54,0.02,-0.04,0.0,23h15m47.77s,348.9490311,-10d50m59.06s,-10.8497391,202.585,2.028,-1.989,12.246,0.092,-0.092,10.305,0.021,-0.021,12.0252,0.000364,-0.000364
K2-138 c,K2-138,1,6,Transit,2017,K2,0,3.56004,0.00012,-0.00011,0.0,0.04461,0.0003,-0.00038,0.0,2.299,0.12,-0.087,0.0,0.205,0.011,-0.008,0.0,6.31,1.13,-1.23,0.0,0.01985,0.00356,-0.00387,0.0,Mass,0.045,0.051,-0.032,0.0,279.0,21.0,-20.0,0.0,1012.0,65.0,-61.0,0.0,0,G8 V,5356.3,41.8,-13.1,0.0,0.86,0.03,-0.02,0.0,0.94,0.02,-0.02,0.0,0.14,0.04,-0.04,0.0,[M/H],4.54,0.02,-0.04,0.0,23h15m47.77s,348.9490311,-10d50m59.06s,-10.8497391,202.585,2.028,-1.989,12.246,0.092,-0.092,10.305,0.021,-0.021,12.0252,0.000364,-0.000364
K2-138 d,K2-138,1,6,Transit,2017,K2,0,5.40479,0.00021,-0.00021,0.0,0.05893,0.0004,-0.0005,0.0,2.39,0.104,-0.084,0.0,0.213,0.009,-0.007,0.0,7.92,1.39,-1.35,0.0,0.02492,0.00437,-0.00425,0.0,Mass,0.043,0.041,-0.03,0.0,160.0,12.0,-11.0,0.0,888.0,57.0,-53.0,0.0,0,G8 V,5356.3,41.8,-13.1,0.0,0.86,0.03,-0.02,0.0,0.94,0.02,-0.02,0.0,0.14,0.04,-0.04,0.0,[M/H],4.54,0.02,-0.04,0.0,23h15m47.77s,348.9490311,-10d50m59.06s,-10.8497391,202.585,2.028,-1.989,12.246,0.092,-0.092,10.305,0.021,-0.021,12.0252,0.000364,-0.000364
K2-138 e,K2-138,1,6,Transit,2017,K2,0,8.26146,0.00021,-0.00022,0.0,0.0782,0.00053,-0.00066,0.0,3.39,0.156,-0.11,0.0,0.302,0.014,-0.01,0.0,12.97,1.98,-1.99,0.0,0.04081,0.00623,-0.00626,0.0,Mass,0.077,0.048,-0.049,0.0,91.1,7.0,-6.6,0.0,757.0,52.0,-47.0,0.0,0,G8 V,5356.3,41.8,-13.1,0.0,0.86,0.03,-0.02,0.0,0.94,0.02,-0.02,0.0,0.14,0.04,-0.04,0.0,[M/H],4.54,0.02,-0.04,0.0,23h15m47.77s,348.9490311,-10d50m59.06s,-10.8497391,202.585,2.028,-1.989,12.246,0.092,-0.092,10.305,0.021,-0.021,12.0252,0.000364,-0.000364
K2-138 f,K2-138,1,6,Transit,2017,K2,0,12.75758,0.0005,-0.00048,0.0,0.10447,0.0007,-0.00088,0.0,2.904,0.164,-0.111,0.0,0.259,0.015,-0.01,0.0,1.63,2.12,-1.18,0.0,0.00513,0.00667,-0.00371,0.0,Mass,0.062,0.064,-0.043,0.0,51.0,3.9,-3.7,0.0,653.0,45.0,-42.0,0.0,0,G8 V,5356.3,41.8,-13.1,0.0,0.86,0.03,-0.02,0.0,0.94,0.02,-0.02,0.0,0.14,0.04,-0.04,0.0,[M/H],4.54,0.02,-0.04,0.0,23h15m47.77s,348.9490311,-10d50m59.06s,-10.8497391,202.585,2.028,-1.989,12.246,0.092,-0.092,10.305,0.021,-0.021,12.0252,0.000364,-0.000364
K2-138 g,K2-138,1,6,Transit,2021,K2,0,41.96797,0.00843,-0.00725,0.0,0.23109,0.00154,-0.00196,0.0,3.013,0.303,-0.251,0.0,0.269,0.027,-0.022,0.0,4.32,5.26,-3.03,0.0,0.01359,0.01655,-0.00953,0.0,Mass,0.059,0.063,-0.04,0.0,9.29,2.92,-2.23,0.0,445.0,31.0,-30.0,0.0,0,G8 V,5356.3,41.8,-13.1,0.0,0.86,0.03,-0.02,0.0,0.94,0.02,-0.02,0.0,0.14,0.04,-0.04,0.0,[M/H],4.54,0.02,-0.04,0.0,23h15m47.77s,348.9490311,-10d50m59.06s,-10.8497391,202.585,2.028,-1.989,12.246,0.092,-0.092,10.305,0.021,-0.021,12.0252,0.000364,-0.000364
K2-146 b,K2-146,1,2,Transit,2018,K2,0,2.6446,6e-05,-6e-05,0.0,0.0248,0.0002,-0.0002,0.0,2.05,0.06,-0.06,0.0,0.183,0.005,-0.005,0.0,5.77,0.18,-0.18,0.0,0.01816,0.00024,-0.00024,0.0,Mass,0.129,0.019,-0.019,0.0,20.7,4.8,-4.8,0.0,534.0,10.0,-10.0,0.0,1,M3.0 V,3385.0,70.0,-70.0,0.0,0.33,0.01,-0.01,0.0,0.33,0.01,-0.01,0.0,-0.02,0.12,-0.12,0.0,[Fe/H],4.9,0.0,0.0,0.0,08h40m06.41s,130.0266951,+19d05m32.43s,19.0923416,79.3002,0.478,-0.4723,16.7,0.2,-0.2,11.37,0.023,-0.023,14.9834,0.000523,-0.000523
K2-18 b,K2-18,1,2,Transit,2015,K2,0,32.939623,9.5e-05,-0.0001,0.0,0.1429,0.006,-0.0065,0.0,2.37,0.22,-0.22,0.0,0.211,0.02,-0.02,0.0,8.92,1.7,-1.6,0.0,0.02807,0.00535,-0.00503,0.0,Mass,0.2,0.08,-0.08,0.0,1.01,0.08,-0.08,0.0,284.0,15.0,-15.0,0.0,0,M2.5 V,3457.0,39.0,-39.0,0.0,0.41,0.04,-0.04,0.0,0.36,0.05,-0.05,0.0,0.12,0.16,-0.16,0.0,[Fe/H],4.79,0.01,-0.01,0.0,11h30m14.43s,172.560141,+07d35m16.19s,7.5878315,38.0266,0.07955,-0.07955,13.477,0.042,-0.042,8.899,0.019,-0.019,12.4154,0.000502,-0.000502
K2-19 b,K2-19,1,3,Transit,2015,K2,0,7.9222,0.0001,-0.0001,0.0,0.074,0.0012,-0.0012,0.0,7.0,0.2,-0.2,0.0,0.624,0.018,-0.018,0.0,32.4,1.7,-1.7,0.0,0.10194,0.00535,-0.00535,0.0,Mass,0.2,0.03,-0.03,0.0,87.7,9.3,-12.9,0.0,854.0,24.0,-24.0,0.0,1,G9 V,5322.0,100.0,-100.0,0.0,0.82,0.03,-0.03,0.0,0.88,0.03,-0.03,0.0,0.06,0.05,-0.05,0.0,[Fe/H],4.51,0.08,-0.08,0.0,11h39m50.46s,174.9602543,+00d36m12.95s,0.603596,289.827,5.68,-5.469,13.024,0.092,-0.092,11.161,0.026,-0.026,12.8153,0.000455,-0.000455
K2-19 c,K2-19,1,3,Transit,2015,K2,0,11.8993,0.0008,-0.0008,0.0,0.0971,0.0016,-0.0016,0.0,4.1,0.2,-0.2,0.0,0.366,0.018,-0.018,0.0,10.8,0.6,-0.6,0.0,0.03398,0.00189,-0.00189,0.0,Mass,0.21,0.03,-0.03,0.0,48.8,6.4,-6.2,0.0,745.0,21.0,-21.0,0.0,1,G9 V,5322.0,100.0,-100.0,0.0,0.82,0.03,-0.03,0.0,0.88,0.03,-0.03,0.0,0.06,0.05,-0.05,0.0,[Fe/H],4.51,0.08,-0.08,0.0,11h39m50.46s,174.9602543,+00d36m12.95s,0.603596,289.827,5.68,-5.469,13.024,0.092,-0.092,11.161,0.026,-0.026,12.8153,0.000455,-0.000455
K2-237 b,K2-237,1,1,Transit,2018,K2,0,2.18053539,8.6e-07,-8.5e-07,0.0,0.03558,0.00048,-0.00065,0.0,16.197,0.549,-0.504,0.0,1.445,0.049,-0.045,0.0,433.20012,34.96112,-29.24021,0.0,1.363,0.11,-0.092,0.0,Mass,0.042,0.034,-0.028,0.0,1860.0,210.0,-180.0,0.0,1828.0,48.0,-46.0,0.0,0,F9 V,6360.0,190.0,-200.0,0.0,1.26,0.03,-0.03,0.0,1.26,0.05,-0.07,0.0,0.137,0.05,-0.049,0.0,[Fe/H],4.34,0.02,-0.03,0.0,16h55m04.52s,253.7688479,-28d42m38.10s,-28.7105836,314.995,7.221,-6.91,11.602,0.034,-0.034,10.217,0.023,-0.023,11.4668,0.000949,-0.000949
K2-24 b,K2-24,1,2,Transit,2016,K2,0,20.88977,0.00034,-0.00035,0.0,0.154,0.002,-0.002,0.0,5.4,0.2,-0.2,0.0,0.482,0.018,-0.018,0.0,19.0,2.2,-2.1,0.0,0.05978,0.00692,-0.00661,0.0,Mass,0.06,0.01,-0.01,0.0,60.1,12.4,-12.4,0.0,709.0,36.0,-36.0,0.0,1,G9 V,5625.0,60.0,-60.0,0.0,1.16,0.04,-0.04,0.0,1.07,0.06,-0.06,0.0,0.34,0.04,-0.04,0.0,[Fe/H],4.29,0.05,-0.05,0.0,16h10m17.63s,242.5734559,-24d59m26.17s,-24.9906029,170.562,1.36,-1.338,11.275,0.019,-0.019,9.18,0.021,-0.021,10.9072,0.0003,-0.0003
K2-25 b,K2-25,1,1,Transit,2015,K2,0,3.48456408,6e-07,-5e-07,0.0,0.0287,0.0012,-0.0012,0.0,3.44,0.12,-0.12,0.0,0.306,0.011,-0.011,0.0,24.5,5.7,-5.2,0.0,0.07709,0.01793,-0.01636,0.0,Mass,0.428,0.05,-0.049,0.0,9.91,0.95,-0.86,0.0,494.0,11.0,-11.0,0.0,0,M4.5 V,3207.0,58.0,-58.0,0.0,0.29,0.01,-0.01,0.0,0.26,0.01,-0.01,0.0,0.15,0.03,-0.03,0.0,[Fe/H],4.94,0.03,-0.03,0.0,04h13m05.74s,63.2739346,+15d14m51.73s,15.2477027,44.9565,0.1664,-0.1653,16.21,0.2,-0.2,10.444,0.019,-0.019,14.3817,0.000951,-0.000951
K2-261 b,K2-261,1,1,Transit,2018,K2,0,11.633478,1.7e-05,-1.7e-05,0.0,0.1034,0.0015,-0.0016,0.0,9.528,0.392,-0.381,0.0,0.85,0.035,-0.034,0.0,59.75174,7.94571,-7.94571,0.0,0.188,0.025,-0.025,0.0,Mass,0.286,0.064,-0.069,0.0,180.0,15.0,-10.0,0.0,1046.0,21.0,-22.0,0.0,0,G7 IV/V,5445.0,77.0,-76.0,0.0,1.64,0.06,-0.06,0.0,1.09,0.05,-0.05,0.0,0.36,0.059,-0.059,0.0,[Fe/H],4.04,0.03,-0.03,0.0,10h52m07.75s,163.0323119,+00d29m35.40s,0.493167,213.283,1.975,-1.941,10.612,0.009,-0.009,8.89,0.022,-0.022,10.4594,0.000314,-0.000314
K2-29 b,K2-29,2,1,Transit,2016,K2,0,3.2588321,1.9e-06,-1.9e-06,0.0,0.04217,0.00024,-0.00024,0.0,13.339,0.224,-0.224,0.0,1.19,0.02,-0.02,0.0,232.0159,12.7132,-12.7132,0.0,0.73,0.04,-0.04,0.0,Mass,0.066,0.022,-0.022,0.0,293.0,30.0,-30.0,0.0,1171.0,10.0,-10.0,0.0,0,G7 V,5358.0,38.0,-38.0,0.0,0.86,0.01,-0.01,0.0,0.94,0.02,-0.02,0.0,0.16,0.03,-0.03,0.0,[Fe/H],4.54,0.01,-0.01,0.0,04h10m40.90s,62.670422,+24d24m05.96s,24.4016558,178.475,1.32,-1.301,12.532,0.103,-0.103,10.062,0.034,-0.034,12.2008,0.000375,-0.000375
K2-292 b,K2-292,1,1,Transit,2019,K2,0,16.9841,0.0008,-0.0008,0.0,0.13,0.01,-0.01,0.0,2.63,0.11,-0.1,0.0,0.235,0.01,-0.009,0.0,24.5,4.4,-4.4,0.0,0.07709,0.01384,-0.01384,0.0,Mass,0.04,0.06,-0.03,0.0,67.0,12.0,-9.0,0.0,795.0,33.0,-28.0,0.0,0,G3 V,5725.0,65.0,-65.0,0.0,1.09,0.03,-0.03,0.0,1.0,0.03,-0.03,0.0,0.07,0.05,-0.05,0.0,[Fe/H],4.33,0.04,-0.04,0.0,13h41m30.21s,205.3758786,-09d56m45.85s,-9.9460704,114.293,0.825,-0.812,9.885,0.005,-0.005,8.407,0.027,-0.027,9.75597,0.000335,-0.000335
K2-3 b,K2-3,1,3,Transit,2015,K2,0,10.0546535,8.8e-06,-9.1e-06,0.0,0.0747,0.0013,-0.0012,0.0,2.078,0.076,-0.067,0.0,0.185,0.007,-0.006,0.0,5.11,0.65,-0.64,0.0,0.01608,0.00205,-0.00201,0.0,Mass,0.107,0.057,-0.059,0.0,10.5,1.0,-1.0,0.0,501.0,5.0,-5.0,0.0,0,M V,3844.0,61.0,-63.0,0.0,0.55,0.02,-0.02,0.0,0.55,0.03,-0.03,0.0,-0.157,0.075,-0.08,0.0,[Fe/H],4.7,0.02,-0.03,0.0,11h29m20.49s,172.3353708,-01d27m18.49s,-1.4551364,44.0727,0.10815,-0.10815,12.168,0.009,-0.009,8.561,0.023,-0.023,11.4785,0.000959,-0.000959
K2-3 c,K2-3,1,3,Transit,2015,K2,0,24.646729,4.4e-05,-4.2e-05,0.0,0.1357,0.0023,-0.0022,0.0,1.582,0.057,-0.051,0.0,0.141,0.005,-0.005,0.0,2.68,0.85,-0.85,0.0,0.00843,0.00267,-0.00267,0.0,Mass,0.048,0.073,-0.035,0.0,3.17,0.3,-0.3,0.0,372.0,4.0,-4.0,0.0,0,M V,3844.0,61.0,-63.0,0.0,0.55,0.02,-0.02,0.0,0.55,0.03,-0.03,0.0,-0.157,0.075,-0.08,0.0,[Fe/H],4.7,0.02,-0.03,0.0,11h29m20.49s,172.3353708,-01d27m18.49s,-1.4551364,44.0727,0.10815,-0.10815,12.168,0.009,-0.009,8.561,0.023,-0.023,11.4785,0.000959,-0.000959
K2-32 b,K2-32,2,4,Transit,2016,K2,0,8.992,8e-05,-8e-05,0.0,0.0795,0.00066,-0.00062,0.0,5.299,0.191,-0.191,0.0,0.473,0.017,-0.017,0.0,15.0,1.8,-1.7,0.0,0.0472,0.00566,-0.00535,0.0,Mass,0.03,0.032,-0.021,0.0,77.7,10.8,-8.3,0.0,837.0,13.0,-14.0,0.0,0,G9 V,5271.0,39.0,-35.0,0.0,0.86,0.02,-0.02,0.0,0.83,0.02,-0.02,0.0,-0.06,0.03,-0.03,0.0,[Fe/H],4.49,0.03,-0.03,0.0,16h49m42.24s,252.426008,-19d32m34.98s,-19.5430504,157.682,1.309,-1.288,12.304,0.092,-0.092,9.821,0.019,-0.019,12.0036,0.000259,-0.000259
K2-32 c,K2-32,2,4,Transit,2016,K2,0,20.66093,0.0008,-0.00079,0.0,0.13843,0.00115,-0.00108,0.0,3.134,0.123,-0.102,0.0,0.28,0.011,-0.009,0.0,8.1,2.4,-2.4,0.0,0.02549,0.00755,-0.00755,0.0,Mass,0.049,0.046,-0.035,0.0,25.6,3.6,-2.7,0.0,634.0,9.0,-11.0,0.0,0,G9 V,5271.0,39.0,-35.0,0.0,0.86,0.02,-0.02,0.0,0.83,0.02,-0.02,0.0,-0.06,0.03,-0.03,0.0,[Fe/H],4.49,0.03,-0.03,0.0,16h49m42.24s,252.426008,-19d32m34.98s,-19.5430504,157.682,1.309,-1.288,12.304,0.092,-0.092,9.821,0.019,-0.019,12.0036,0.000259,-0.000259
K2-32 d,K2-32,2,4,Transit,2016,K2,0,31.71701,0.00101,-0.00096,0.0,0.18422,0.00152,-0.00144,0.0,3.484,0.112,-0.129,0.0,0.311,0.01,-0.012,0.0,6.7,2.5,-2.5,0.0,0.02108,0.00787,-0.00787,0.0,Mass,0.05,0.053,-0.035,0.0,14.5,2.0,-1.5,0.0,550.0,8.0,-9.0,0.0,0,G9 V,5271.0,39.0,-35.0,0.0,0.86,0.02,-0.02,0.0,0.83,0.02,-0.02,0.0,-0.06,0.03,-0.03,0.0,[Fe/H],4.49,0.03,-0.03,0.0,16h49m42.24s,252.426008,-19d32m34.98s,-19.5430504,157.682,1.309,-1.288,12.304,0.092,-0.092,9.821,0.019,-0.019,12.0036,0.000259,-0.000259
KELT-11 b,KELT-11,1,1,Transit,2017,KELT-South,0,4.7361,3e-05,-3e-05,0.0,0.06229,0.00088,-0.00076,0.0,15.132,1.121,-1.121,0.0,1.35,0.1,-0.1,0.0,54.34893,4.76745,-4.76745,0.0,0.171,0.015,-0.015,0.0,Mass,0.0007,0.002,-0.0005,0.0,1433.0,176.0,-147.0,0.0,1712.0,51.0,-46.0,0.0,0,G8/K0 IV,5375.0,25.0,-25.0,0.0,2.69,0.04,-0.04,0.0,1.44,0.07,-0.07,0.0,0.17,0.07,-0.07,0.0,[Fe/H],3.7,0.1,-0.1,0.0,10h46m49.66s,161.7069053,-09d23m57.71s,-9.3993646,99.1596,0.52105,-0.52105,8.04,0.03,-0.03,6.122,0.018,-0.018,7.83112,0.000371,-0.000371
KELT-24 b,KELT-24,2,1,Transit,2019,KELT-North,0,5.55149296,5e-07,-5.3e-07,0.0,0.0665,0.0011,-0.0011,0.0,12.711,0.303,-0.291,0.0,1.134,0.027,-0.026,0.0,1458.83239,57.20911,-57.20911,0.0,4.59,0.18,-0.18,0.0,Mass,0.0319,0.0079,-0.0074,0.0,624.0,40.0,-40.0,0.0,1391.0,22.0,-23.0,0.0,0,F7,6426.0,93.0,-91.0,0.0,1.34,0.03,-0.03,0.0,1.27,0.06,-0.06,0.0,0.138,0.086,-0.082,0.0,[Fe/H],4.29,0.01,-0.01,0.0,10h47m38.17s,161.9090273,+71d39m20.62s,71.655727,96.5173,0.3132,-0.3113,8.34,0.03,-0.03,7.154,0.021,-0.021,8.23752,0.000357,-0.000357
KOI-1257 b,KOI-1257,2,1,Transit,2014,Kepler,0,86.647661,3.4e-05,-3.4e-05,0.0,0.382,0.006,-0.006,0.0,10.54,1.35,-1.35,0.0,0.94,0.12,-0.12,0.0,460.83,111.24,-111.24,0.0,1.45,0.35,-0.35,0.0,Mass,0.772,0.045,-0.045,0.0,7.28,2.73,-2.22,0.0,511.0,50.0,-50.0,0.0,0,G5 V,5520.0,80.0,-80.0,0.0,1.13,0.14,-0.14,0.0,0.99,0.05,-0.05,0.0,0.27,0.09,-0.09,0.0,[Fe/H],4.32,0.1,-0.1,0.0,19h24m54.02s,291.2250888,+44d55m38.25s,44.9272918,656.0,55.665,-39.926,14.818,0.069,-0.069,12.726,0.023,-0.023,14.6419,0.00049,-0.00049
Kepler-101 b,Kepler-101,1,2,Transit,2014,Kepler,0,3.4876812,7e-06,-7e-06,0.0,0.0474,0.001,-0.0008,0.0,5.77,0.85,-0.79,0.0,0.51,0.08,-0.07,0.0,51.1,5.1,-4.7,0.0,0.16,0.02,-0.01,0.0,Mass,0.086,0.08,-0.059,0.0,1240.33,46.32,-44.58,0.0,1513.0,103.0,-145.0,0.0,0,G3 IV,5667.0,50.0,-50.0,0.0,1.56,0.2,-0.2,0.0,1.17,0.07,-0.05,0.0,0.33,0.07,-0.07,0.0,[Fe/H],4.12,0.11,-0.09,0.0,18h53m01.32s,283.255507,+48d21m18.89s,48.3552474,927.981,14.7985,-14.7985,13.7,0.069,-0.069,12.011,0.02,-0.02,13.5672,0.000214,-0.000214
Kepler-117 b,Kepler-117,1,2,Transit,2014,Kepler,0,18.7959228,7.5e-06,-7.5e-06,0.0,0.1445,0.0047,-0.0014,0.0,8.059,0.269,-0.269,0.0,0.719,0.024,-0.024,0.0,29.875,10.488,-10.488,0.0,0.094,0.033,-0.033,0.0,Mass,0.0493,0.0062,-0.0062,0.0,157.54,9.73,-9.06,0.0,984.0,18.0,-18.0,0.0,1,F8 V,6150.0,110.0,-110.0,0.0,1.61,0.05,-0.05,0.0,1.13,0.13,-0.02,0.0,-0.04,0.1,-0.1,0.0,[Fe/H],4.1,0.02,-0.02,0.0,19h15m10.34s,288.7930651,+48d02m24.63s,48.040176,1455.57,38.385,-38.385,14.282,0.126,-0.126,13.011,0.031,-0.031,14.2472,0.000272,-0.000272
Kepler-117 c,Kepler-117,1,2,Transit,2014,Kepler,0,50.790391,1.4e-05,-1.4e-05,0.0,0.2804,0.0092,-0.0028,0.0,12.341,0.392,-0.392,0.0,1.101,0.035,-0.035,0.0,584.78,57.21,-57.21,0.0,1.84,0.18,-0.18,0.0,Mass,0.0323,0.0033,-0.0033,0.0,41.86,2.59,-2.41,0.0,704.0,15.0,-15.0,0.0,1,F8 V,6150.0,110.0,-110.0,0.0,1.61,0.05,-0.05,0.0,1.13,0.13,-0.02,0.0,-0.04,0.1,-0.1,0.0,[Fe/H],4.1,0.02,-0.02,0.0,19h15m10.34s,288.7930651,+48d02m24.63s,48.040176,1455.57,38.385,-38.385,14.282,0.126,-0.126,13.011,0.031,-0.031,14.2472,0.000272,-0.000272
Kepler-138 b,Kepler-138,1,4,Transit,2014,Kepler,0,10.3134,0.0003,-0.0003,0.0,0.0753,0.0006,-0.0006,0.0,0.64,0.02,-0.02,0.0,0.057,0.002,-0.002,0.0,0.07,0.02,-0.02,0.0,0.00022,6e-05,-6e-05,0.0,Mass,0.02,0.009,-0.009,0.0,9.9,0.7,-0.7,0.0,452.0,8.0,-9.0,0.0,1,M1 V,3841.0,50.0,-51.0,0.0,0.54,0.01,-0.01,0.0,0.54,0.01,-0.01,0.0,-0.18,0.1,-0.1,0.0,[Fe/H],4.71,0.03,-0.03,0.0,19h21m31.54s,290.3814122,+43d17m35.03s,43.2930645,66.8624,0.107,-0.107,13.04,0.092,-0.092,9.506,0.011,-0.011,12.4715,0.000239,-0.000239
Kepler-138 c,Kepler-138,1,4,Transit,2014,Kepler,0,13.7815,7e-05,-9e-05,0.0,0.0913,0.0007,-0.0007,0.0,1.51,0.04,-0.04,0.0,0.135,0.004,-0.004,0.0,2.3,0.6,-0.5,0.0,0.00724,0.00189,-0.00157,0.0,Mass,0.017,0.008,-0.007,0.0,6.8,0.5,-0.5,0.0,410.0,8.0,-8.0,0.0,1,M1 V,3841.0,50.0,-51.0,0.0,0.54,0.01,-0.01,0.0,0.54,0.01,-0.01,0.0,-0.18,0.1,-0.1,0.0,[Fe/H],4.71,0.03,-0.03,0.0,19h21m31.54s,290.3814122,+43d17m35.03s,43.2930645,66.8624,0.107,-0.107,13.04,0.092,-0.092,9.506,0.011,-0.011,12.4715,0.000239,-0.000239
Kepler-138 d,Kepler-138,1,4,Transit,2014,Kepler,0,23.0923,0.0006,-0.0006,0.0,0.1288,0.001,-0.001,0.0,1.51,0.04,-0.04,0.0,0.135,0.004,-0.004,0.0,2.1,0.6,-0.7,0.0,0.00661,0.00189,-0.0022,0.0,Mass,0.01,0.005,-0.005,0.0,3.4,0.2,-0.2,0.0,345.0,7.0,-7.0,0.0,1,M1 V,3841.0,50.0,-51.0,0.0,0.54,0.01,-0.01,0.0,0.54,0.01,-0.01,0.0,-0.18,0.1,-0.1,0.0,[Fe/H],4.71,0.03,-0.03,0.0,19h21m31.54s,290.3814122,+43d17m35.03s,43.2930645,66.8624,0.107,-0.107,13.04,0.092,-0.092,9.506,0.011,-0.011,12.4715,0.000239,-0.000239
Kepler-39 b,Kepler-39,1,1,Transit,2011,Kepler,0,21.08721,3.7e-05,-3.7e-05,0.0,0.164,0.003,-0.003,0.0,13.9,1.01,-1.12,0.0,1.24,0.09,-0.1,0.0,6388.1,413.2,-381.4,0.0,20.1,1.3,-1.3,0.0,Mass,0.112,0.057,-0.057,0.0,90.22,4.09,-3.89,0.0,897.0,29.0,-29.0,0.0,1,F7 V,6350.0,100.0,-100.0,0.0,1.4,0.1,-0.1,0.0,1.29,0.06,-0.07,0.0,0.1,0.14,-0.14,0.0,[Fe/H],4.4,0.15,-0.15,0.0,19h47m50.48s,296.9603348,+46d02m03.46s,46.0342954,1057.41,18.44,-18.44,14.355,0.172,-0.172,12.918,0.028,-0.028,14.2622,0.000275,-0.000275
Kepler-411 b,Kepler-411,2,4,Transit,2013,Kepler,0,3.005156,2e-06,-2e-06,0.0,0.0375,0.0008,-0.0008,0.0,2.401,0.053,-0.053,0.0,0.214,0.005,-0.005,0.0,25.6,2.6,-2.6,0.0,0.08055,0.00818,-0.00818,0.0,Mass,0.146,0.005,-0.004,0.0,191.27,51.01,-25.41,0.0,1138.0,17.0,-17.0,0.0,1,K2 V,4974.0,46.0,-51.0,0.0,0.82,0.02,-0.02,0.0,0.87,0.04,-0.04,0.0,0.11,0.1,-0.1,0.0,[M/H],4.6,0.01,-0.01,0.0,19h10m25.37s,287.6057027,+49d31m24.22s,49.5233937,153.676,0.455,-0.453,12.448,0.069,-0.069,10.062,0.023,-0.023,12.2327,0.000562,-0.000562
Kepler-411 c,Kepler-411,2,4,Transit,2016,Kepler,0,7.834435,2e-06,-2e-06,0.0,0.0739,0.001,-0.001,0.0,4.421,0.062,-0.062,0.0,0.394,0.006,-0.006,0.0,26.4,5.9,-5.9,0.0,0.08306,0.01856,-0.01856,0.0,Mass,0.108,0.003,-0.004,0.0,53.33,14.22,-7.09,0.0,838.0,10.0,-10.0,0.0,1,K2 V,4906.0,48.14,-51.12,0.0,0.82,0.02,-0.02,0.0,0.87,0.04,-0.04,0.0,0.11,0.1,-0.1,0.0,[M/H],4.6,0.01,-0.01,0.0,19h10m25.37s,287.6057027,+49d31m24.22s,49.5233937,153.676,0.455,-0.453,12.448,0.069,-0.069,10.062,0.023,-0.023,12.2327,0.000562,-0.000562
Kepler-411 d,Kepler-411,2,4,Transit,2018,Kepler,0,58.02035,0.00056,-0.00056,0.0,0.279,0.004,-0.004,0.0,3.319,0.104,-0.104,0.0,0.296,0.009,-0.009,0.0,15.2,5.1,-5.1,0.0,0.04782,0.01605,-0.01605,0.0,Mass,0.128,0.003,-0.003,0.0,3.7,0.99,-0.49,0.0,410.0,10.0,-10.0,0.0,1,K2 V,4987.0,93.0,-102.0,0.0,0.82,0.02,-0.02,0.0,0.87,0.04,-0.04,0.0,0.11,0.1,-0.1,0.0,[M/H],4.59,0.01,-0.05,0.0,19h10m25.37s,287.6057027,+49d31m24.22s,49.5233937,153.676,0.455,-0.453,12.448,0.069,-0.069,10.062,0.023,-0.023,12.2327,0.000562,-0.000562
Kepler-412 b,Kepler-412,1,1,Transit,2014,Kepler,0,1.7208604,3e-07,-3e-07,0.0,0.02897,0.00093,-0.00092,0.0,15.031,0.493,-0.516,0.0,1.341,0.044,-0.046,0.0,299.07803,39.72875,-6.03877,0.0,0.941,0.125,-0.019,0.0,Mass,0.0038,0.0087,-0.0032,0.0,2144.31,98.66,-94.03,0.0,1850.0,30.0,-30.0,0.0,1,G3 V,5750.0,90.0,-90.0,0.0,1.29,0.04,-0.04,0.0,1.17,0.09,-0.09,0.0,0.27,0.12,-0.12,0.0,[Fe/H],4.3,0.07,-0.07,0.0,19h04m26.47s,286.1103053,+43d40m51.46s,43.6809612,1086.24,19.16,-19.16,14.399,0.092,-0.092,12.837,0.031,-0.031,14.2486,0.000274,-0.000274
Kepler-423 b,Kepler-423,1,1,Transit,2014,Kepler,0,2.6843285,7e-08,-7e-08,0.0,0.03585,0.00052,-0.00114,0.0,13.361,0.583,-0.583,0.0,1.192,0.052,-0.052,0.0,189.101,25.743,-25.743,0.0,0.595,0.081,-0.081,0.0,Mass,0.019,0.028,-0.014,0.0,649.15,29.11,-27.82,0.0,1605.0,120.0,-120.0,0.0,0,G4 V,5560.0,80.0,-80.0,0.0,0.95,0.04,-0.04,0.0,0.85,0.04,-0.04,0.0,-0.1,0.05,-0.05,0.0,[M/H],4.41,0.04,-0.04,0.0,19h31m25.37s,292.8557189,+46d23m28.28s,46.3911883,758.753,12.76,-12.76,14.462,0.126,-0.126,12.779,0.031,-0.031,14.28,0.000295,-0.000295
Kepler-43 b,Kepler-43,1,1,Transit,2011,Kepler,0,3.0240949,6e-07,-6e-07,0.0,0.046,0.0026,-0.0025,0.0,13.664,0.729,-0.717,0.0,1.219,0.065,-0.064,0.0,1026.5909,82.6358,-82.6358,0.0,3.23,0.26,-0.26,0.0,Mass,0.017,0.027,-0.009,0.0,1138.12,46.31,-44.15,0.0,1620.0,40.0,-40.0,0.0,0,F8 V,6041.0,143.0,-143.0,0.0,1.42,0.07,-0.07,0.0,1.32,0.09,-0.09,0.0,0.33,0.11,-0.11,0.0,[Fe/H],4.26,0.05,-0.05,0.0,19h00m57.80s,285.2408288,+46d40m05.67s,46.6682411,1005.84,14.19,-14.19,13.986,0.149,-0.149,12.549,0.031,-0.031,13.8894,0.000273,-0.000273
Kepler-75 b,Kepler-75,1,1,Transit,2013,Kepler,0,8.8849116,3.4e-06,-3.4e-06,0.0,0.0818,0.0012,-0.0012,0.0,11.77,0.34,-0.34,0.0,1.05,0.03,-0.03,0.0,3209.9,127.1,-127.1,0.0,10.1,0.4,-0.4,0.0,Mass,0.57,0.01,-0.01,0.0,106.48,5.68,-5.33,0.0,767.0,16.0,-16.0,0.0,0,K0 V,5200.0,100.0,-100.0,0.0,0.89,0.02,-0.02,0.0,0.91,0.04,-0.04,0.0,0.3,0.12,-0.12,0.0,[Fe/H],4.5,0.02,-0.02,0.0,19h24m33.03s,291.1376203,+36d34m38.44s,36.5773443,835.356,18.761,-17.968,15.414,0.046,-0.046,13.118,0.029,-0.029,15.1789,0.000726,-0.000726
Kepler-91 b,Kepler-91,1,1,Transit,2013,Kepler,0,6.24658,8e-05,-8e-05,0.0,0.0731,0.0034,-0.0031,0.0,15.323,0.773,-0.673,0.0,1.367,0.069,-0.06,0.0,257.4423,57.2094,-54.0311,0.0,0.81,0.18,-0.17,0.0,Mass,0.0519,0.0095,-0.0088,0.0,3273.32,222.24,-204.96,0.0,2040.0,50.0,-50.0,0.0,0,K3,4550.0,75.0,-75.0,0.0,6.3,0.16,-0.16,0.0,1.31,0.1,-0.1,0.0,0.11,0.07,-0.07,0.0,[Fe/H],2.95,0.01,-0.01,0.0,19h02m41.50s,285.6729033,+44d07m00.30s,44.1167513,1294.69,40.735,-40.735,12.712,0.092,-0.092,10.136,0.021,-0.021,12.4762,0.000168,-0.000168
L 98-59 b,L 98-59,1,4,Transit,2019,Transiting Exoplanet Survey Satellite (TESS),0,2.2531136,1.2e-06,-1.5e-06,0.0,0.02191,0.0008,-0.00084,0.0,0.85,0.061,-0.047,0.0,0.076,0.005,-0.004,0.0,0.4,0.16,-0.15,0.0,0.00126,0.0005,-0.00047,0.0,Mass,0.103,0.117,-0.045,0.0,24.7,5.0,-4.1,0.0,627.0,33.0,-36.0,0.0,0,M3 V,3415.0,135.0,-135.0,0.0,0.3,0.03,-0.02,0.0,0.27,0.03,-0.03,0.0,-0.46,0.26,-0.26,0.0,[Fe/H],4.86,0.13,-0.13,0.0,08h18m07.89s,124.5328604,-68d18m52.08s,-68.3144658,10.6194,0.0032,-0.0032,11.685,0.017,-0.017,7.101,0.018,-0.018,10.5976,0.000765,-0.000765
L 98-59 c,L 98-59,1,4,Transit,2019,Transiting Exoplanet Survey Satellite (TESS),0,3.6906777,1.6e-06,-2.6e-06,0.0,0.0304,0.0011,-0.0012,0.0,1.385,0.095,-0.075,0.0,0.124,0.008,-0.007,0.0,2.22,0.26,-0.25,0.0,0.00698,0.00082,-0.00079,0.0,Mass,0.103,0.045,-0.058,0.0,12.8,2.6,-2.1,0.0,553.0,27.0,-26.0,0.0,0,M3 V,3415.0,135.0,-135.0,0.0,0.3,0.03,-0.02,0.0,0.27,0.03,-0.03,0.0,-0.46,0.26,-0.26,0.0,[Fe/H],4.86,0.13,-0.13,0.0,08h18m07.89s,124.5328604,-68d18m52.08s,-68.3144658,10.6194,0.0032,-0.0032,11.685,0.017,-0.017,7.101,0.018,-0.018,10.5976,0.000765,-0.000765
L 98-59 d,L 98-59,1,4,Transit,2019,Transiting Exoplanet Survey Satellite (TESS),0,7.4507245,8.1e-06,-4.6e-06,0.0,0.0486,0.0018,-0.0019,0.0,1.521,0.119,-0.098,0.0,0.136,0.011,-0.009,0.0,1.94,0.28,-0.28,0.0,0.0061,0.00088,-0.00088,0.0,Mass,0.074,0.057,-0.046,0.0,5.01,1.02,-0.83,0.0,416.0,20.0,-20.0,0.0,0,M3 V,3415.0,135.0,-135.0,0.0,0.3,0.03,-0.02,0.0,0.27,0.03,-0.03,0.0,-0.46,0.26,-0.26,0.0,[Fe/H],4.86,0.13,-0.13,0.0,08h18m07.89s,124.5328604,-68d18m52.08s,-68.3144658,10.6194,0.0032,-0.0032,11.685,0.017,-0.017,7.101,0.018,-0.018,10.5976,0.000765,-0.000765
LP 791-18 c,LP 791-18,1,3,Transit,2019,Transiting Exoplanet Survey Satellite (TESS),0,4.9899093,7.4e-06,-7.2e-06,0.0,0.02961,0.00035,-0.00036,0.0,2.438,0.096,-0.096,0.0,0.218,0.009,-0.009,0.0,7.1,0.7,-0.7,0.0,0.02234,0.0022,-0.0022,0.0,Mass,8e-05,4e-05,-4e-05,0.0,2.64,0.07,-0.06,0.0,324.0,2.0,-2.0,0.0,0,M(6.1 +/- 0.7) V,2960.0,55.0,-55.0,0.0,0.18,0.01,-0.01,0.0,0.14,0.01,-0.01,0.0,-0.09,0.19,-0.19,0.0,[Fe/H],5.12,0.09,-0.09,0.0,11h02m45.72s,165.6904843,-16d24m23.20s,-16.4064445,26.4927,0.064,-0.0638,16.91,0.2,-0.2,10.644,0.023,-0.023,15.0715,0.001324,-0.001324
LP 791-18 d,LP 791-18,1,3,Transit,2023,Spitzer Space Telescope,0,2.753436,1.3e-05,-1.3e-05,0.0,0.01992,0.00024,-0.00024,0.0,1.032,0.044,-0.043,0.0,0.092,0.004,-0.004,0.0,0.9,0.5,-0.4,0.0,0.00283,0.00157,-0.00126,0.0,Mass,0.0015,0.00014,-0.00014,0.0,5.83,0.15,-0.14,0.0,396.0,3.0,-2.0,0.0,1,M(6.1 +/- 0.7) V,2960.0,55.0,-55.0,0.0,0.18,0.01,-0.01,0.0,0.14,0.01,-0.01,0.0,-0.09,0.19,-0.19,0.0,[Fe/H],5.12,0.09,-0.09,0.0,11h02m45.72s,165.6904843,-16d24m23.20s,-16.4064445,26.4927,0.064,-0.0638,16.91,0.2,-0.2,10.644,0.023,-0.023,15.0715,0.001324,-0.001324
LTT 1445 A b,LTT 1445 A,3,2,Transit,2019,Transiting Exoplanet Survey Satellite (TESS),0,5.35876,1e-05,-1e-05,0.0,0.022,0.003,-0.003,0.0,1.18,0.06,-0.06,0.0,0.105,0.005,-0.005,0.0,2.73,0.25,-0.23,0.0,0.00859,0.00079,-0.00072,0.0,Mass,0.19,0.35,-0.14,0.0,5.4,1.2,-1.0,0.0,555.0,48.0,-48.0,0.0,0,M3.0,3340.0,150.0,-150.0,0.0,0.27,0.01,-0.01,0.0,0.26,0.01,-0.01,0.0,-0.34,0.09,-0.09,0.0,[Fe/H],4.97,0.06,-0.06,0.0,03h01m50.99s,45.4624781,-16d35m40.18s,-16.5944956,6.86929,0.003805,-0.003805,10.59,0.046,-0.046,6.496,0.021,-0.021,10.0469,0.001234,-0.001234
LTT 3780 c,LTT 3780,2,2,Transit,2020,Transiting Exoplanet Survey Satellite (TESS),0,12.252284,1.3e-05,-1.3e-05,0.0,0.0757,0.0018,-0.0018,0.0,2.39,0.1,-0.11,0.0,0.213,0.009,-0.01,0.0,8.04,0.5,-0.48,0.0,0.0253,0.00157,-0.00151,0.0,Mass,0.024,0.032,-0.017,0.0,2.76,0.33,-0.31,0.0,359.0,10.0,-10.0,0.0,0,M3.5 V,3358.0,92.0,-92.0,0.0,0.38,0.01,-0.01,0.0,0.38,0.02,-0.03,0.0,0.06,0.11,-0.11,0.0,[Fe/H],4.85,0.11,-0.11,0.0,10h18m34.78s,154.6449033,-11d43m04.08s,-11.717801,21.9814,0.0403,-0.0402,13.14,0.035,-0.035,8.204001,0.021,-0.021,11.8465,0.000477,-0.000477
NGTS-8 b,NGTS-8,1,1,Transit,2019,Next-Generation Transit Survey (NGTS),0,2.4997,1e-05,-1e-05,0.0,0.035,0.001,-0.001,0.0,12.218,0.336,-0.336,0.0,1.09,0.03,-0.03,0.0,295.5819,12.7132,-9.5349,0.0,0.93,0.04,-0.03,0.0,Mass,0.01,0.014,-0.01,0.0,503.0,33.0,-33.0,0.0,1345.0,19.0,-19.0,0.0,0,K0 V,5241.0,50.0,-50.0,0.0,0.98,0.02,-0.02,0.0,0.89,0.05,-0.04,0.0,0.24,0.09,-0.09,0.0,[Fe/H],4.41,0.03,-0.03,0.0,21h55m54.22s,328.9759206,-14d04m06.38s,-14.0684399,428.976,5.621,-5.481,13.69,0.103,-0.103,11.642,0.021,-0.021,13.4954,0.000304,-0.000304
NGTS-9 b,NGTS-9,1,1,Transit,2019,Next-Generation Transit Survey (NGTS),0,4.43527,2e-05,-2e-05,0.0,0.058,0.003,-0.002,0.0,11.994,0.673,-0.673,0.0,1.07,0.06,-0.06,0.0,921.707,54.0311,-54.0311,0.0,2.9,0.17,-0.17,0.0,Mass,0.06,0.076,-0.052,0.0,729.0,80.0,-80.0,0.0,1448.0,36.0,-36.0,0.0,0,F8 V,6330.0,130.0,-130.0,0.0,1.38,0.04,-0.04,0.0,1.34,0.05,-0.05,0.0,0.31,0.15,-0.15,0.0,[Fe/H],4.37,0.2,-0.2,0.0,09h27m40.95s,141.9206435,-19d20m51.53s,-19.3476477,609.128,15.952,-15.171,12.868,0.057,-0.057,11.452,0.024,-0.024,12.6547,0.000237,-0.000237
TIC 139270665 b,TIC 139270665,1,2,Transit,2024,Transiting Exoplanet Survey Satellite (TESS),0,23.624,0.03,-0.031,0.0,0.163,0.0027,-0.0033,0.0,7.23,0.269,-0.247,0.0,0.645,0.024,-0.022,0.0,147.15455,14.62011,-14.62011,0.0,0.463,0.046,-0.046,0.0,Mass,0.105,0.053,-0.05,0.0,40.3,3.4,-2.7,0.0,703.0,14.0,-11.0,0.0,0,G2,5844.0,84.0,-82.0,0.0,1.02,0.04,-0.03,0.0,1.04,0.05,-0.06,0.0,0.156,0.057,-0.056,0.0,[Fe/H],4.44,0.03,-0.04,0.0,08h16m08.14s,124.0338967,+33d17m29.23s,33.2914532,189.875,1.615,-1.589,10.385,0.005,-0.005,8.946,0.019,-0.019,10.1805,0.000347,-0.000347
TOI-1062 b,TOI-1062,1,2,Transit,2021,Transiting Exoplanet Survey Satellite (TESS),0,4.11296,0.0015,-0.0015,0.0,0.052,0.024,-0.025,0.0,2.265,0.096,-0.091,0.0,0.202,0.009,-0.008,0.0,10.15,0.81,-0.84,0.0,0.03194,0.00255,-0.00264,0.0,Mass,0.177,0.067,-0.064,0.0,232.0,11.0,-10.0,0.0,1077.0,10.0,-9.0,0.0,0,G9 V,5328.0,56.0,-56.0,0.0,0.84,0.09,-0.09,0.0,0.94,0.02,-0.02,0.0,0.14,0.04,-0.04,0.0,[Fe/H],4.55,0.09,-0.09,0.0,02h32m29.03s,38.1209678,-78d01m25.26s,-78.0236828,82.1733,0.1635,-0.1629,10.249,0.005,-0.005,8.296,0.031,-0.031,10.0008,0.000374,-0.000374
TOI-1107 b,TOI-1107,1,1,Transit,2022,Transiting Exoplanet Survey Satellite (TESS),0,4.0782387,2.4e-06,-2.5e-06,0.0,0.0561,0.0024,-0.0025,0.0,14.572,0.56,-0.56,0.0,1.3,0.05,-0.05,0.0,1064.72516,57.20911,-57.20911,0.0,3.35,0.18,-0.18,0.0,Mass,0.025,0.023,-0.016,0.0,532.0,92.0,-93.0,0.0,1728.0,27.0,-27.0,0.0,0,F6 V,6311.0,98.0,-98.0,0.0,1.81,0.06,-0.06,0.0,1.35,0.08,-0.08,0.0,-0.1,0.09,-0.09,0.0,[Fe/H],4.05,0.04,-0.04,0.0,10h22m25.89s,155.6078632,-82d13m07.93s,-82.2188693,281.314,2.031,-2.003,10.553,0.006,-0.006,9.205,0.019,-0.019,10.3745,0.000367,-0.000367
TOI-1130 b,TOI-1130,1,2,Transit,2020,Transiting Exoplanet Survey Satellite (TESS),0,4.074554,1e-06,-0.000441,0.0,0.0453,0.0001,-0.0002,0.0,3.66,0.03,-0.04,0.0,0.327,0.003,-0.004,0.0,19.8,0.2,-0.3,0.0,0.0623,0.00063,-0.00094,0.0,Mass,0.052162,0.000956,-2e-06,0.0,78.1,5.55,-5.55,0.0,825.0,23.0,-23.0,0.0,1,K6-K7,4360.0,108.0,-108.0,0.0,0.7,0.01,0.0,0.0,0.74,0.01,-0.01,0.0,0.11,0.1,-0.1,0.0,[Fe/H],4.55,0.07,-0.07,0.0,19h05m30.24s,286.3760037,-41d26m15.50s,-41.4376399,58.2609,0.17,-0.1691,11.595,0.026,-0.026,8.351,0.033,-0.033,10.9028,0.000774,-0.000774
TOI-1130 c,TOI-1130,1,2,Transit,2020,Transiting Exoplanet Survey Satellite (TESS),0,8.3501898,9.38e-05,-1e-06,0.0,0.0731,0.0002,-0.0003,0.0,13.0,0.4,-0.4,0.0,1.16,0.036,-0.036,0.0,336.0,2.0,-5.0,0.0,1.05717,0.00629,-0.01573,0.0,Mass,0.0398,0.0009,-0.0002,0.0,30.0,2.13,-2.13,0.0,650.0,18.0,-18.0,0.0,1,K6-K7,4360.0,108.0,-108.0,0.0,0.7,0.01,0.0,0.0,0.74,0.01,-0.01,0.0,0.11,0.1,-0.1,0.0,[Fe/H],4.55,0.07,-0.07,0.0,19h05m30.24s,286.3760037,-41d26m15.50s,-41.4376399,58.2609,0.17,-0.1691,11.595,0.026,-0.026,8.351,0.033,-0.033,10.9028,0.000774,-0.000774
TOI-1173 b,TOI-1173,2,1,Transit,2024,Transiting Exoplanet Survey Satellite (TESS),0,7.06466,0.00028,-0.00029,0.0,0.0696,0.0014,-0.0014,0.0,9.19,0.18,-0.18,0.0,0.82,0.016,-0.016,0.0,27.4,1.7,-1.7,0.0,0.08621,0.00535,-0.00535,0.0,Mass,0.023,0.025,-0.016,0.0,132.0,10.0,-10.0,0.0,868.0,11.0,-11.0,0.0,0,G9,5350.0,34.0,-34.0,0.0,0.93,0.01,-0.01,0.0,0.91,0.03,-0.03,0.0,0.139,0.065,-0.065,0.0,[Fe/H],4.45,0.02,-0.02,0.0,13h10m43.94s,197.6830975,+70d46m04.84s,70.7680117,132.353,0.461,-0.458,11.038,0.009,-0.009,9.134,0.015,-0.015,10.8041,0.000359,-0.000359
TOI-1231 b,TOI-1231,1,1,Transit,2021,Transiting Exoplanet Survey Satellite (TESS),0,24.245586,6.4e-05,-6.6e-05,0.0,0.1288,0.0021,-0.0022,0.0,3.65,0.16,-0.15,0.0,0.326,0.014,-0.013,0.0,15.4,3.3,-3.3,0.0,0.04845,0.01038,-0.01038,0.0,Mass,0.087,0.12,-0.061,0.0,1.93,0.1,-0.1,0.0,330.0,4.0,-4.0,0.0,0,M3 V,3553.0,51.0,-52.0,0.0,0.48,0.02,-0.01,0.0,0.49,0.02,-0.02,0.0,0.041,0.069,-0.063,0.0,[Fe/H],4.77,0.03,-0.04,0.0,10h26m59.34s,156.74726,-52d28m04.34s,-52.4678724,27.6227,0.0609,-0.0609,12.36,0.2,-0.2,8.069,0.026,-0.026,11.36,0.000922,-0.000922
TOI-1235 b,TOI-1235,1,1,Transit,2020,Transiting Exoplanet Survey Satellite (TESS),0,3.444714,9e-05,-9e-05,0.0,0.03845,0.00037,-0.0004,0.0,1.69,0.08,-0.08,0.0,0.151,0.007,-0.007,0.0,6.69,0.67,-0.69,0.0,0.02105,0.00211,-0.00217,0.0,Mass,0.049,0.072,-0.035,0.0,60.3,1.6,-1.5,0.0,775.0,13.0,-13.0,0.0,0,M0.5 V,3997.0,51.0,-51.0,0.0,0.62,0.02,-0.02,0.0,0.63,0.02,-0.02,0.0,0.33,0.16,-0.16,0.0,[Fe/H],4.64,0.04,-0.04,0.0,10h08m52.38s,152.2182549,+69d16m35.83s,69.2766204,39.6345,0.0478,-0.0478,11.495,0.056,-0.056,7.893,0.023,-0.023,10.8492,0.000519,-0.000519
TOI-125 b,TOI-125,1,3,Transit,2019,Transiting Exoplanet Survey Satellite (TESS),0,4.65382,0.00033,-0.00031,0.0,0.05186,0.00086,-0.00077,0.0,2.726,0.075,-0.075,0.0,0.243,0.007,-0.007,0.0,9.5,0.88,-0.88,0.0,0.02989,0.00277,-0.00277,0.0,Mass,0.194,0.041,-0.036,0.0,185.0,9.0,-9.0,0.0,1037.0,11.0,-11.0,0.0,0,K0 V,5320.0,39.0,-39.0,0.0,0.85,0.01,-0.01,0.0,0.86,0.04,-0.04,0.0,-0.02,0.03,-0.03,0.0,[Fe/H],4.52,0.02,-0.02,0.0,01h34m22.42s,23.5934253,-66d40m34.86s,-66.6763495,111.059,0.444,-0.44,11.023,0.008,-0.008,8.995,0.021,-0.021,10.718,0.000411,-0.000411
TOI-125 c,TOI-125,1,3,Transit,2019,Transiting Exoplanet Survey Satellite (TESS),0,9.15059,0.0007,-0.00082,0.0,0.0814,0.0013,-0.0013,0.0,2.759,0.1,-0.1,0.0,0.246,0.009,-0.009,0.0,6.63,0.99,-0.99,0.0,0.02086,0.00311,-0.00311,0.0,Mass,0.066,0.07,-0.047,0.0,77.59,3.31,-3.31,0.0,828.0,9.0,-9.0,0.0,0,K0 V,5320.0,39.0,-39.0,0.0,0.85,0.01,-0.01,0.0,0.86,0.04,-0.04,0.0,-0.02,0.03,-0.03,0.0,[Fe/H],4.52,0.02,-0.02,0.0,01h34m22.42s,23.5934253,-66d40m34.86s,-66.6763495,111.059,0.444,-0.44,11.023,0.008,-0.008,8.995,0.021,-0.021,10.718,0.000411,-0.000411
TOI-125 d,TOI-125,1,3,Transit,2020,Transiting Exoplanet Survey Satellite (TESS),0,19.98,0.005,-0.0056,0.0,0.137,0.0022,-0.0022,0.0,2.93,0.17,-0.17,0.0,0.261,0.015,-0.015,0.0,13.6,1.2,-1.2,0.0,0.04279,0.00378,-0.00378,0.0,Mass,0.168,0.088,-0.062,0.0,26.7,1.4,-1.4,0.0,638.0,7.0,-7.0,0.0,0,K0 V,5320.0,39.0,-39.0,0.0,0.85,0.01,-0.01,0.0,0.86,0.04,-0.04,0.0,-0.02,0.03,-0.03,0.0,[Fe/H],4.52,0.02,-0.02,0.0,01h34m22.42s,23.5934253,-66d40m34.86s,-66.6763495,111.059,0.444,-0.44,11.023,0.008,-0.008,8.995,0.021,-0.021,10.718,0.000411,-0.000411
TOI-1431 b,TOI-1431,1,1,Transit,2021,Transiting Exoplanet Survey Satellite (TESS),0,2.650237,3e-06,-3e-06,0.0,0.046,0.002,-0.002,0.0,16.701,0.56,-0.56,0.0,1.49,0.05,-0.05,0.0,991.62463,57.20911,-57.20911,0.0,3.12,0.18,-0.18,0.0,Mass,0.0022,0.003,-0.0016,0.0,5300.0,500.0,-470.0,0.0,2370.0,70.0,-70.0,0.0,0,Am C,7690.0,400.0,-250.0,0.0,1.92,0.07,-0.07,0.0,1.9,0.1,-0.08,0.0,0.09,0.03,-0.03,0.0,[Fe/H],4.15,0.04,-0.04,0.0,21h04m48.89s,316.2036922,+55d35m16.88s,55.5880221,148.925,1.034,-1.02,8.03,0.03,-0.03,7.439,0.029,-0.029,7.97561,0.000252,-0.000252
TOI-1728 b,TOI-1728,1,1,Transit,2020,Transiting Exoplanet Survey Satellite (TESS),0,3.49151,6.2e-05,-5.7e-05,0.0,0.0391,0.0009,-0.0009,0.0,5.05,0.16,-0.17,0.0,0.451,0.014,-0.015,0.0,26.78,5.43,-5.13,0.0,0.08426,0.01708,-0.01614,0.0,Mass,0.057,0.054,-0.039,0.0,57.78,3.48,-3.48,0.0,767.0,8.0,-8.0,0.0,0,M0,3980.0,31.0,-32.0,0.0,0.62,0.01,-0.01,0.0,0.65,0.02,-0.02,0.0,0.25,0.1,-0.1,0.0,[Fe/H],4.66,0.02,-0.02,0.0,08h02m26.80s,120.6116787,+64d47m49.75s,64.7971531,60.798,0.13635,-0.13635,12.39,0.055,-0.055,8.803001,0.02,-0.02,11.7294,0.000478,-0.000478
TOI-181 b,TOI-181,1,1,Transit,2023,Transiting Exoplanet Survey Satellite (TESS),0,4.532,2e-06,-2e-06,0.0,0.0539,0.0043,-0.0036,0.0,6.956,0.087,-0.101,0.0,0.634,0.008,-0.009,0.0,46.1687,2.71,-7.83,0.0,0.1452,0.0085,-0.024,0.0,Mass,0.1543,0.06,-0.03,0.0,102.43,15.52,-14.64,0.0,895.0,32.0,-34.0,0.0,0,K,4994.0,50.0,-50.0,0.0,0.74,0.02,-0.02,0.0,0.82,0.04,-0.04,0.0,0.272,0.08,-0.08,0.0,[M/H],4.61,0.04,-0.04,0.0,23h28m41.41s,352.1725409,-34d29m29.08s,-34.4914099,96.2338,0.5781,-0.5714,11.191,0.019,-0.019,9.047,0.021,-0.021,11.0857,0.000737,-0.000737
TOI-1899 b,TOI-1899,1,1,Transit,2020,Transiting Exoplanet Survey Satellite (TESS),0,29.090312,3.6e-05,-3.5e-05,0.0,0.1525,0.0065,-0.006,0.0,11.097,0.336,-0.336,0.0,0.99,0.03,-0.03,0.0,212.94503,12.71314,-12.71314,0.0,0.67,0.04,-0.04,0.0,Mass,0.044,0.029,-0.027,0.0,3.4,0.3,-0.2,0.0,378.0,8.0,-7.0,0.0,0,M0,3926.0,45.0,-47.0,0.0,0.61,0.02,-0.02,0.0,0.63,0.03,-0.03,0.0,0.28,0.11,-0.11,0.0,[Fe/H],4.67,0.02,-0.02,0.0,19h57m42.44s,299.4268472,+40d08m36.05s,40.1433462,128.438,0.25,-0.25,14.88,0.2,-0.2,10.509,0.018,-0.018,13.5553,0.000422,-0.000422
TOI-2010 b,TOI-2010,1,1,Transit,2023,Transiting Exoplanet Survey Satellite (TESS),0,141.834025,6.5e-05,-6.6e-05,0.0,0.5516,0.0078,-0.0093,0.0,11.814,0.303,-0.303,0.0,1.054,0.027,-0.027,0.0,408.72733,17.48056,-18.11622,0.0,1.286,0.055,-0.057,0.0,Mass,0.212,0.022,-0.021,0.0,4.09,0.22,-0.21,0.0,400.0,6.0,-6.0,0.0,0,F0,5929.0,74.0,-74.0,0.0,1.08,0.03,-0.03,0.0,1.11,0.05,-0.06,0.0,0.168,0.055,-0.055,0.0,[Fe/H],4.42,0.02,-0.03,0.0,19h28m40.07s,292.1669417,+53d29m14.53s,53.4873694,109.19,0.322,-0.32,9.849,0.004,-0.004,8.281,0.016,-0.016,9.69568,0.00032,-0.00032
TOI-2134 b,TOI-2134,1,2,Transit,2023,Transiting Exoplanet Survey Satellite (TESS),0,9.2292005,6.3e-06,-6.3e-06,0.0,0.078,0.0009,-0.0009,0.0,2.69,0.16,-0.16,0.0,0.24,0.014,-0.014,0.0,9.13,0.78,-0.76,0.0,0.02873,0.00245,-0.00239,0.0,Mass,0.06,0.03,-0.04,0.0,32.0,2.0,-2.0,0.0,666.0,8.0,-8.0,0.0,0,K5 V,4580.0,50.0,-50.0,0.0,0.71,0.02,-0.02,0.0,0.74,0.03,-0.03,0.0,0.12,0.02,-0.02,0.0,[Fe/H],4.8,0.3,-0.3,0.0,18h07m44.52s,271.9355015,+39d04m22.54s,39.0729269,22.6202,0.016,-0.0159,8.933,0.003,-0.003,6.091,0.017,-0.017,8.5077,0.000511,-0.000511
TOI-2134 c,TOI-2134,1,2,Transit,2023,Transiting Exoplanet Survey Satellite (TESS),0,95.5,0.36,-0.25,0.0,0.371,0.004,-0.004,0.0,7.27,0.42,-0.42,0.0,0.649,0.037,-0.037,0.0,41.89,7.69,-7.83,0.0,0.1318,0.0242,-0.02464,0.0,Mass,0.67,0.05,-0.06,0.0,1.4,0.1,-0.1,0.0,306.0,4.0,-4.0,0.0,0,K5 V,4580.0,50.0,-50.0,0.0,0.71,0.02,-0.02,0.0,0.74,0.03,-0.03,0.0,0.12,0.02,-0.02,0.0,[Fe/H],4.8,0.3,-0.3,0.0,18h07m44.52s,271.9355015,+39d04m22.54s,39.0729269,22.6202,0.016,-0.0159,8.933,0.003,-0.003,6.091,0.017,-0.017,8.5077,0.000511,-0.000511
TOI-2180 b,TOI-2180,1,1,Transit,2022,Transiting Exoplanet Survey Satellite (TESS),0,260.79,0.59,-0.58,0.0,0.828,0.012,-0.012,0.0,11.321,0.247,-0.213,0.0,1.01,0.022,-0.019,0.0,875.61726,27.65107,-25.7441,0.0,2.755,0.087,-0.081,0.0,Mass,0.3683,0.0073,-0.0073,0.0,2.71,0.13,-0.13,0.0,348.0,3.0,-4.0,0.0,1,G5,5695.0,58.0,-60.0,0.0,1.64,0.03,-0.03,0.0,1.11,0.05,-0.05,0.0,0.253,0.057,-0.057,0.0,[Fe/H],4.06,0.02,-0.02,0.0,18h31m46.47s,277.94363,+56d39m02.44s,56.6506789,116.685,0.267,-0.266,9.162,0.002,-0.002,7.604,0.016,-0.016,9.01133,0.000236,-0.000236
TOI-269 b,TOI-269,1,1,Transit,2021,Transiting Exoplanet Survey Satellite (TESS),0,3.6977104,3.7e-06,-3.7e-06,0.0,0.0345,0.0015,-0.0015,0.0,2.77,0.12,-0.12,0.0,0.247,0.011,-0.011,0.0,8.8,1.4,-1.4,0.0,0.02769,0.0044,-0.0044,0.0,Mass,0.425,0.082,-0.086,0.0,19.0,4.0,-3.3,0.0,531.0,25.0,-25.0,0.0,0,M2 V,3514.0,70.0,-70.0,0.0,0.4,0.01,-0.01,0.0,0.39,0.01,-0.01,0.0,-0.29,0.12,-0.12,0.0,[Fe/H],4.83,0.03,-0.03,0.0,05h03m23.11s,75.8462827,-54d10m39.80s,-54.1777213,57.0225,0.0757,-0.0756,14.37,0.114,-0.114,10.1,0.023,-0.023,13.4258,0.000369,-0.000369
TOI-3629 b,TOI-3629,1,1,Transit,2022,Transiting Exoplanet Survey Satellite (TESS),0,3.936551,5e-06,-6e-06,0.0,0.043,0.002,-0.002,0.0,8.295,0.224,-0.224,0.0,0.74,0.02,-0.02,0.0,82.63539,6.35657,-6.35657,0.0,0.26,0.02,-0.02,0.0,Mass,0.05,0.05,-0.04,0.0,39.0,4.0,-4.0,0.0,690.0,20.0,-20.0,0.0,0,M1,3870.0,90.0,-90.0,0.0,0.6,0.02,-0.01,0.0,0.63,0.02,-0.02,0.0,0.4,0.1,-0.1,0.0,[Fe/H],4.67,0.05,-0.05,0.0,23h59m10.41s,359.7933851,+39d18m51.32s,39.3142556,130.091,0.548,-0.545,14.639,0.061,-0.061,10.553,0.02,-0.02,13.8375,0.000472,-0.000472
TOI-3714 b,TOI-3714,2,1,Transit,2022,Transiting Exoplanet Survey Satellite (TESS),0,2.154849,1e-06,-1e-06,0.0,0.027,0.001,-0.001,0.0,11.321,0.336,-0.336,0.0,1.01,0.03,-0.03,0.0,222.47988,9.53485,-9.53485,0.0,0.7,0.03,-0.03,0.0,Mass,0.03,0.03,-0.02,0.0,54.0,4.0,-5.0,0.0,750.0,20.0,-20.0,0.0,0,M2,3660.0,90.0,-90.0,0.0,0.51,0.01,-0.01,0.0,0.53,0.02,-0.02,0.0,0.1,0.1,-0.1,0.0,[Fe/H],4.75,0.05,-0.05,0.0,04h38m12.56s,69.5523415,+39d27m28.81s,39.4580035,112.71,0.586,-0.579,15.7,0.2,-0.2,10.852,0.017,-0.017,14.3107,0.000499,-0.000499
TOI-3757 b,TOI-3757,1,1,Transit,2022,Transiting Exoplanet Survey Satellite (TESS),0,3.438753,4e-06,-4e-06,0.0,0.03845,0.00043,-0.00043,0.0,12.0,0.4,-0.5,0.0,1.071,0.036,-0.045,0.0,85.3,8.8,-8.7,0.0,0.26838,0.02769,-0.02737,0.0,Mass,0.14,0.06,-0.06,0.0,55.4,3.8,-3.8,0.0,759.0,13.0,-13.0,0.0,0,M0 V,3913.0,56.0,-56.0,0.0,0.62,0.01,-0.01,0.0,0.64,0.02,-0.02,0.0,0.0,0.2,-0.2,0.0,[Fe/H],4.68,0.04,-0.04,0.0,06h04m00.87s,91.0036423,+55d01m11.93s,55.0199793,181.139,1.194,-1.179,14.812,0.064,-0.064,11.152,0.02,-0.02,14.1321,0.000442,-0.000442
TOI-3785 b,TOI-3785,1,1,Transit,2023,Transiting Exoplanet Survey Satellite (TESS),0,4.6747373,3.8e-06,-3.8e-06,0.0,0.043,0.001,-0.001,0.0,5.14,0.16,-0.16,0.0,0.459,0.014,-0.014,0.0,14.95,4.1,-3.92,0.0,0.04704,0.0129,-0.01233,0.0,Mass,0.11,0.1,-0.08,0.0,19.1,2.0,-2.0,0.0,582.0,16.0,-16.0,0.0,0,M2 V,3576.0,88.0,-88.0,0.0,0.5,0.01,-0.01,0.0,0.52,0.02,-0.02,0.0,0.099,0.117,-0.117,0.0,[Fe/H],4.75,0.05,-0.05,0.0,08h43m36.05s,130.9002258,+63d04m41.08s,63.0780768,79.7634,0.2243,-0.223,14.595,0.101,-0.101,10.165,0.022,-0.022,13.6559,0.00036,-0.00036
TOI-3884 b,TOI-3884,1,1,Transit,2022,Transiting Exoplanet Survey Satellite (TESS),0,4.5445828,9.8e-06,-9.8e-06,0.0,0.0361,0.0008,-0.0008,0.0,6.43,0.2,-0.2,0.0,0.574,0.018,-0.018,0.0,32.59,7.31,-7.38,0.0,0.10254,0.023,-0.02322,0.0,Mass,0.06,0.06,-0.04,0.0,6.29,0.84,-0.84,0.0,441.0,15.0,-15.0,0.0,0,M4,3180.0,88.0,-88.0,0.0,0.3,0.01,-0.01,0.0,0.3,0.02,-0.02,0.0,0.04,0.12,-0.12,0.0,[Fe/H],4.97,0.05,-0.05,0.0,12h06m17.24s,181.5718341,+12d30m25.29s,12.5070258,43.1448,0.169,-0.1678,15.744,0.008,-0.008,10.24,0.017,-0.017,14.2747,0.000755,-0.000755
TOI-4010 b,TOI-4010,1,4,Transit,2023,Transiting Exoplanet Survey Satellite (TESS),0,1.348335,3e-06,-2e-06,0.0,0.0229,0.0002,-0.0002,0.0,3.02,0.08,-0.08,0.0,0.269,0.007,-0.007,0.0,11.0,1.29,-1.27,0.0,0.03461,0.00406,-0.004,0.0,Mass,0.03,0.03,-0.02,0.0,714.0,28.0,-26.0,0.0,1441.0,14.0,-13.0,0.0,0,K V,4960.0,36.0,-36.0,0.0,0.83,0.01,-0.01,0.0,0.88,0.03,-0.03,0.0,0.37,0.07,-0.07,0.0,[Fe/H],4.54,0.02,-0.02,0.0,01h20m51.56s,20.2148196,+66d04m19.92s,66.0722009,177.504,0.994,-0.982,12.291,0.069,-0.069,10.157,0.021,-0.021,12.1216,0.000207,-0.000207
TOI-4010 c,TOI-4010,1,4,Transit,2023,Transiting Exoplanet Survey Satellite (TESS),0,5.414654,7e-06,-7e-06,0.0,0.058,0.001,-0.001,0.0,5.93,0.11,-0.12,0.0,0.529,0.01,-0.011,0.0,20.31,2.13,-2.11,0.0,0.0639,0.0067,-0.00664,0.0,Mass,0.03,0.03,-0.02,0.0,112.0,4.0,-4.0,0.0,907.0,9.0,-8.0,0.0,0,K V,4960.0,36.0,-36.0,0.0,0.83,0.01,-0.01,0.0,0.88,0.03,-0.03,0.0,0.37,0.07,-0.07,0.0,[Fe/H],4.54,0.02,-0.02,0.0,01h20m51.56s,20.2148196,+66d04m19.92s,66.0722009,177.504,0.994,-0.982,12.291,0.069,-0.069,10.157,0.021,-0.021,12.1216,0.000207,-0.000207
TOI-4010 d,TOI-4010,1,4,Transit,2023,Transiting Exoplanet Survey Satellite (TESS),0,14.70886,3e-05,-3e-05,0.0,0.113,0.001,-0.001,0.0,6.18,0.14,-0.15,0.0,0.551,0.012,-0.013,0.0,38.15,3.27,-3.22,0.0,0.12003,0.01029,-0.01013,0.0,Mass,0.07,0.03,-0.03,0.0,30.0,1.0,-1.0,0.0,650.0,6.0,-6.0,0.0,0,K V,4960.0,36.0,-36.0,0.0,0.83,0.01,-0.01,0.0,0.88,0.03,-0.03,0.0,0.37,0.07,-0.07,0.0,[Fe/H],4.54,0.02,-0.02,0.0,01h20m51.56s,20.2148196,+66d04m19.92s,66.0722009,177.504,0.994,-0.982,12.291,0.069,-0.069,10.157,0.021,-0.021,12.1216,0.000207,-0.000207
TOI-4127 b,TOI-4127,1,1,Transit,2023,Transiting Exoplanet Survey Satellite (TESS),0,56.39879,0.0001,-0.0001,0.0,0.3081,0.0055,-0.0058,0.0,12.285,0.437,-0.359,0.0,1.096,0.039,-0.032,0.0,731.00534,34.96112,-34.96112,0.0,2.3,0.11,-0.11,0.0,Mass,0.7471,0.0078,-0.0086,0.0,22.3,1.5,-1.5,0.0,605.0,10.0,-8.0,0.0,0,F V,6096.0,115.0,-115.0,0.0,1.29,0.05,-0.05,0.0,1.23,0.07,-0.07,0.0,0.14,0.12,-0.12,0.0,[Fe/H],4.26,0.14,-0.14,0.0,07h01m37.09s,105.4045516,+72d24m53.75s,72.4149297,319.632,3.351,-3.283,11.441,0.01,-0.01,10.245,0.016,-0.016,11.4122,0.000533,-0.000533
TOI-4201 b,TOI-4201,1,1,Transit,2023,Transiting Exoplanet Survey Satellite (TESS),0,3.5819194,1.1e-06,-1.1e-06,0.0,0.04,0.001,-0.001,0.0,13.675,0.448,-0.448,0.0,1.22,0.04,-0.04,0.0,788.21445,28.60456,-28.60456,0.0,2.48,0.09,-0.09,0.0,Mass,0.041,0.015,-0.015,0.0,45.2,3.2,-3.2,0.0,725.0,20.0,-20.0,0.0,0,M1.0+/-0.5,3794.0,79.0,-79.0,0.0,0.63,0.02,-0.02,0.0,0.61,0.02,-0.02,0.0,0.52,0.08,-0.08,0.0,[Fe/H],4.64,0.03,-0.03,0.0,06h01m53.93s,90.4747237,-13d27m40.94s,-13.461371,189.011,0.9885,-0.9885,15.163,0.08,-0.08,11.368,0.025,-0.025,14.5001,0.000441,-0.000441
TOI-421 b,TOI-421,2,2,Transit,2020,Transiting Exoplanet Survey Satellite (TESS),0,5.197576,5e-06,-5e-06,0.0,0.0554,0.001,-0.001,0.0,2.64,0.08,-0.08,0.0,0.236,0.007,-0.007,0.0,6.7,0.6,-0.6,0.0,0.02108,0.00189,-0.00189,0.0,Mass,0.13,0.05,-0.05,0.0,154.57,10.53,-9.73,0.0,922.0,14.0,-14.0,0.0,0,G9 V,5291.0,64.0,-64.0,0.0,0.87,0.01,-0.01,0.0,0.83,0.05,-0.05,0.0,-0.044,0.04,-0.04,0.0,[Fe/H],4.48,0.03,-0.03,0.0,05h27m24.79s,81.8532824,-14d16m36.27s,-14.2767404,74.7969,0.2041,-0.2029,9.931,0.006,-0.006,8.071,0.018,-0.018,9.77776,0.000189,-0.000189
TOI-421 c,TOI-421,2,2,Transit,2020,Transiting Exoplanet Survey Satellite (TESS),0,16.067541,4e-06,-4e-06,0.0,0.117,0.0018,-0.0018,0.0,5.09,0.07,-0.07,0.0,0.454,0.006,-0.006,0.0,14.1,1.4,-1.4,0.0,0.04436,0.0044,-0.0044,0.0,Mass,0.19,0.04,-0.04,0.0,34.32,2.34,-2.16,0.0,635.0,9.0,-9.0,0.0,0,G9 V,5291.0,64.0,-64.0,0.0,0.87,0.01,-0.01,0.0,0.83,0.05,-0.05,0.0,-0.044,0.04,-0.04,0.0,[Fe/H],4.48,0.03,-0.03,0.0,05h27m24.79s,81.8532824,-14d16m36.27s,-14.2767404,74.7969,0.2041,-0.2029,9.931,0.006,-0.006,8.071,0.018,-0.018,9.77776,0.000189,-0.000189
TOI-4438 b,TOI-4438,1,1,Transit,2024,Transiting Exoplanet Survey Satellite (TESS),0,7.44628,9e-06,-9e-06,0.0,0.0534,0.0037,-0.0037,0.0,2.52,0.13,-0.13,0.0,0.225,0.012,-0.012,0.0,5.4,1.1,-1.1,0.0,0.01699,0.00346,-0.00346,0.0,Mass,0.14,0.09,-0.09,0.0,6.0,0.9,-0.77,0.0,435.0,15.0,-15.0,0.0,0,M3.5 V,3422.0,81.0,-81.0,0.0,0.37,0.02,-0.02,0.0,0.37,0.02,-0.02,0.0,-0.19,0.05,-0.05,0.0,[Fe/H],4.68,0.04,-0.04,0.0,18h01m16.14s,270.3172389,+35d35m41.64s,35.5948992,30.0346,0.0233,-0.0233,13.69,0.045,-0.045,8.869,0.018,-0.018,12.5196,0.000337,-0.000337
TOI-4603 b,TOI-4603,1,1,Transit,2023,Transiting Exoplanet Survey Satellite (TESS),0,7.24599,0.00022,-0.00021,0.0,0.0888,0.001,-0.001,0.0,11.68,0.426,-0.392,0.0,1.042,0.038,-0.035,0.0,4096.80817,184.34048,-181.16219,0.0,12.89,0.58,-0.57,0.0,Mass,0.325,0.02,-0.02,0.0,1192.0,71.0,-68.0,0.0,1677.0,24.0,-24.0,0.0,0,F,6264.0,95.0,-94.0,0.0,2.74,0.05,-0.05,0.0,1.77,0.06,-0.06,0.0,0.342,0.039,-0.04,0.0,[Fe/H],3.81,0.02,-0.02,0.0,05h35m27.82s,83.8659288,+21d17m39.27s,21.2942417,225.643,2.484,-2.432,9.24,0.03,-0.03,7.786,0.017,-0.017,9.07469,0.000241,-0.000241
TOI-4860 b,TOI-4860,1,1,Transit,2023,Transiting Exoplanet Survey Satellite (TESS),0,1.5227591,3e-07,-3e-07,0.0,0.01808,0.00015,-0.00015,0.0,8.7,0.4,-0.4,0.0,0.77,0.03,-0.03,0.0,86.7,1.9,-1.9,0.0,0.273,0.006,-0.006,0.0,Mass,0.008,0.013,-0.006,0.0,42.5,1.9,-1.9,0.0,694.0,15.0,-15.0,0.0,0,M3.5 V,3260.0,50.0,-50.0,0.0,0.36,0.02,-0.02,0.0,0.34,0.01,-0.01,0.0,0.27,0.12,-0.12,0.0,[Fe/H],4.86,0.04,-0.04,0.0,12h14m15.35s,183.563961,-13d10m29.43s,-13.1748411,80.1423,0.6481,-0.6379,16.47,0.2,-0.2,11.175,0.026,-0.026,15.1091,0.001287,-0.001287
TOI-500 b,TOI-500,1,4,Transit,2022,Transiting Exoplanet Survey Satellite (TESS),0,0.548177,1.9e-05,-1.9e-05,0.0,0.01189,0.00041,-0.0004,0.0,1.166,0.061,-0.058,0.0,0.104,0.005,-0.005,0.0,1.42,0.18,-0.18,0.0,0.00447,0.00057,-0.00057,0.0,Mass,0.063,0.073,-0.044,0.0,1138.0,123.0,-112.0,0.0,1617.0,41.0,-41.0,0.0,0,K6 V,4440.0,100.0,-100.0,0.0,0.68,0.02,-0.02,0.0,0.74,0.02,-0.02,0.0,0.12,0.08,-0.08,0.0,[Fe/H],4.62,0.02,-0.02,0.0,07h06m14.18s,106.559098,-47d35m16.14s,-47.5878156,47.3924,0.0473,-0.0473,10.54,0.03,-0.03,7.715,0.026,-0.026,10.1026,0.000308,-0.000308
TOI-5542 b,TOI-5542,1,1,Transit,2022,Transiting Exoplanet Survey Satellite (TESS),0,75.12375,0.00019,-0.00018,0.0,0.332,0.016,-0.016,0.0,11.31,0.404,-0.392,0.0,1.009,0.036,-0.035,0.0,419.5335,31.78284,-31.78284,0.0,1.32,0.1,-0.1,0.0,Mass,0.018,0.026,-0.013,0.0,9.6,1.0,-0.9,0.0,441.0,48.0,-74.0,0.0,0,G3 V,5700.0,80.0,-80.0,0.0,1.06,0.04,-0.04,0.0,0.89,0.06,-0.03,0.0,-0.21,0.08,-0.08,0.0,[Fe/H],4.2,0.2,-0.2,0.0,20h11m11.62s,302.7984228,-61d08m07.68s,-61.1354659,348.849,3.678,-3.604,12.42,0.046,-0.046,10.897,0.021,-0.021,12.2819,0.000189,-0.000189
TOI-561 c,TOI-561,1,4,Transit,2020,Transiting Exoplanet Survey Satellite (TESS),0,10.778831,3.4e-05,-3.6e-05,0.0,0.0884,0.0009,-0.0009,0.0,2.91,0.04,-0.04,0.0,0.26,0.004,-0.004,0.0,5.39,0.69,-0.68,0.0,0.01696,0.00217,-0.00214,0.0,Mass,0.03,0.035,-0.021,0.0,68.2,3.9,-3.9,0.0,800.0,11.0,-11.0,0.0,0,G9 V,5372.0,70.0,-70.0,0.0,0.84,0.01,-0.01,0.0,0.81,0.04,-0.04,0.0,-0.4,0.05,-0.05,0.0,[Fe/H],4.5,0.12,-0.12,0.0,09h52m44.44s,148.1851516,+06d12m57.97s,6.216103,85.799,0.4988,-0.4932,10.252,0.006,-0.006,8.394,0.019,-0.019,10.0128,0.000278,-0.000278
TOI-561 d,TOI-561,1,4,Transit,2020,Transiting Exoplanet Survey Satellite (TESS),1,25.7124,0.0001,-0.0002,0.0,0.158,0.002,-0.002,0.0,2.82,0.07,-0.07,0.0,0.252,0.006,-0.006,0.0,13.2,1.0,-0.9,0.0,0.04153,0.00315,-0.00283,0.0,Mass,0.122,0.054,-0.048,0.0,21.4,1.3,-1.3,0.0,598.0,9.0,-9.0,0.0,0,G9 V,5372.0,70.0,-70.0,0.0,0.84,0.01,-0.01,0.0,0.81,0.04,-0.04,0.0,-0.4,0.05,-0.05,0.0,[Fe/H],4.5,0.12,-0.12,0.0,09h52m44.44s,148.1851516,+06d12m57.97s,6.216103,85.799,0.4988,-0.4932,10.252,0.006,-0.006,8.394,0.019,-0.019,10.0128,0.000278,-0.000278
TOI-561 e,TOI-561,1,4,Transit,2020,Transiting Exoplanet Survey Satellite (TESS),1,77.03,0.25,-0.24,0.0,0.328,0.003,-0.003,0.0,2.55,0.12,-0.13,0.0,0.227,0.011,-0.012,0.0,12.6,1.4,-1.4,0.0,0.03964,0.0044,-0.0044,0.0,Mass,0.079,0.058,-0.05,0.0,4.96,0.28,-0.28,0.0,415.0,6.0,-6.0,0.0,0,G9 V,5372.0,70.0,-70.0,0.0,0.84,0.01,-0.01,0.0,0.81,0.04,-0.04,0.0,-0.4,0.05,-0.05,0.0,[Fe/H],4.5,0.12,-0.12,0.0,09h52m44.44s,148.1851516,+06d12m57.97s,6.216103,85.799,0.4988,-0.4932,10.252,0.006,-0.006,8.394,0.019,-0.019,10.0128,0.000278,-0.000278
TOI-733 b,TOI-733,1,1,Transit,2023,Transiting Exoplanet Survey Satellite (TESS),0,4.884765,1.9e-05,-2.4e-05,0.0,0.0618,0.0036,-0.0039,0.0,1.992,0.085,-0.09,0.0,0.178,0.008,-0.008,0.0,5.72,0.7,-0.68,0.0,0.018,0.0022,-0.00214,0.0,Mass,0.046,0.056,-0.033,0.0,207.1,29.9,-23.5,0.0,1056.0,36.0,-31.0,0.0,0,G,5585.0,60.0,-60.0,0.0,0.95,0.01,-0.01,0.0,0.96,0.05,-0.03,0.0,-0.04,0.05,-0.05,0.0,[Fe/H],4.47,0.05,-0.05,0.0,10h37m38.24s,159.4093183,-40d53m17.73s,-40.888259,75.2092,0.1764,-0.1756,9.44,0.003,-0.003,7.845,0.024,-0.024,9.28881,0.000118,-0.000118
TOI-776 b,TOI-776,1,2,Transit,2020,Transiting Exoplanet Survey Satellite (TESS),0,8.24662,2.4e-05,-3.1e-05,0.0,0.0653,0.0014,-0.0016,0.0,1.798,0.078,-0.077,0.0,0.16,0.007,-0.007,0.0,5.0,1.6,-1.6,0.0,0.01573,0.00503,-0.00503,0.0,Mass,0.052,0.037,-0.035,0.0,11.5,0.6,-0.6,0.0,520.0,12.0,-12.0,0.0,0,M1 V,3725.0,60.0,-60.0,0.0,0.55,0.02,-0.02,0.0,0.54,0.04,-0.04,0.0,-0.21,0.08,-0.08,0.0,[Fe/H],4.8,0.1,-0.1,0.0,11h54m18.72s,178.577997,-37d33m12.08s,-37.5533568,27.1701,0.03205,-0.03205,11.536,0.041,-0.041,7.615,0.02,-0.02,10.7409,0.000478,-0.000478
TOI-776 c,TOI-776,1,2,Transit,2020,Transiting Exoplanet Survey Satellite (TESS),0,15.665323,7.5e-05,-7e-05,0.0,0.1001,0.0022,-0.0024,0.0,2.047,0.081,-0.078,0.0,0.183,0.007,-0.007,0.0,6.9,2.6,-2.5,0.0,0.02171,0.00818,-0.00787,0.0,Mass,0.089,0.048,-0.054,0.0,4.9,0.2,-0.2,0.0,420.0,10.0,-10.0,0.0,0,M1 V,3725.0,60.0,-60.0,0.0,0.55,0.02,-0.02,0.0,0.54,0.04,-0.04,0.0,-0.21,0.08,-0.08,0.0,[Fe/H],4.8,0.1,-0.1,0.0,11h54m18.72s,178.577997,-37d33m12.08s,-37.5533568,27.1701,0.03205,-0.03205,11.536,0.041,-0.041,7.615,0.02,-0.02,10.7409,0.000478,-0.000478
TOI-836 b,TOI-836,1,2,Transit,2023,Transiting Exoplanet Survey Satellite (TESS),0,3.81673,1e-05,-1e-05,0.0,0.0422,0.00093,-0.00093,0.0,1.704,0.067,-0.067,0.0,0.152,0.006,-0.006,0.0,4.53,0.92,-0.86,0.0,0.01425,0.00289,-0.00271,0.0,Mass,0.053,0.042,-0.042,0.0,78.84,0.02,-0.02,0.0,871.0,36.0,-36.0,0.0,0,K V,4552.0,154.0,-154.0,0.0,0.67,0.01,-0.01,0.0,0.68,0.05,-0.04,0.0,-0.284,0.067,-0.067,0.0,[Fe/H],4.74,0.11,-0.11,0.0,15h00m19.17s,225.0798831,-24d27m15.13s,-24.4542022,27.5024,0.0294,-0.0293,9.92,0.03,-0.03,6.804,0.018,-0.018,9.40475,0.000443,-0.000443
TOI-836 c,TOI-836,1,2,Transit,2023,Transiting Exoplanet Survey Satellite (TESS),0,8.59545,1e-05,-1e-05,0.0,0.075,0.0016,-0.0016,0.0,2.587,0.088,-0.088,0.0,0.231,0.008,-0.008,0.0,9.6,2.7,-2.5,0.0,0.0302,0.0085,-0.00787,0.0,Mass,0.078,0.056,-0.056,0.0,26.71,0.0,0.0,0.0,665.0,27.0,-27.0,0.0,1,K V,4552.0,154.0,-154.0,0.0,0.67,0.01,-0.01,0.0,0.68,0.05,-0.04,0.0,-0.284,0.067,-0.067,0.0,[Fe/H],4.74,0.11,-0.11,0.0,15h00m19.17s,225.0798831,-24d27m15.13s,-24.4542022,27.5024,0.0294,-0.0293,9.92,0.03,-0.03,6.804,0.018,-0.018,9.40475,0.000443,-0.000443
TOI-908 b,TOI-908,1,1,Transit,2023,Transiting Exoplanet Survey Satellite (TESS),0,3.183792,7e-06,-7e-06,0.0,0.041657,2e-06,-2e-06,0.0,3.186,0.155,-0.155,0.0,0.284,0.014,-0.014,0.0,16.137,4.112,-4.039,0.0,0.05077,0.01294,-0.01271,0.0,Mass,0.132,0.091,-0.091,0.0,80.88,0.01,-0.01,0.0,1317.0,38.0,-38.0,0.0,0,G V,5626.0,61.0,-61.0,0.0,1.03,0.03,-0.03,0.0,0.95,0.01,-0.01,0.0,0.08,0.04,-0.04,0.0,[Fe/H],4.45,0.03,-0.03,0.0,03h32m38.26s,53.1594266,-81d15m02.68s,-81.250745,175.748,0.638,-0.634,11.316,0.012,-0.012,9.637,0.021,-0.021,11.1061,0.000404,-0.000404
WASP-18 b,WASP-18,2,2,Transit,2009,SuperWASP,0,0.94145223,2.4e-07,-2.4e-07,0.0,0.02024,0.00029,-0.00031,0.0,13.899,0.886,-0.886,0.0,1.24,0.079,-0.079,0.0,3241.84975,111.23994,-111.23994,0.0,10.2,0.35,-0.35,0.0,Mass,0.0051,0.007,-0.0037,0.0,5805.0,808.0,-639.0,0.0,2429.0,77.0,-70.0,0.0,1,F6 IV-V,6432.0,48.0,-48.0,0.0,1.32,0.06,-0.06,0.0,1.29,0.06,-0.06,0.0,0.107,0.08,-0.08,0.0,[Fe/H],4.31,0.04,-0.03,0.0,01h37m25.07s,24.3544618,-45d40m40.06s,-45.6777937,123.483,0.371,-0.369,9.28,0.03,-0.03,8.131,0.027,-0.027,9.16617,0.000236,-0.000236
WASP-19 b,WASP-19,1,1,Transit,2009,SuperWASP,0,0.78883852,7.5e-07,-8.2e-07,0.0,0.01652,0.0005,-0.00056,0.0,15.861,0.493,-0.538,0.0,1.415,0.044,-0.048,0.0,366.77398,24.79062,-25.42627,0.0,1.154,0.078,-0.08,0.0,Mass,0.0126,0.014,-0.0089,0.0,3320.0,190.0,-180.0,0.0,2113.0,29.0,-29.0,0.0,0,G8 V,5616.0,66.0,-65.0,0.0,1.01,0.03,-0.03,0.0,0.97,0.09,-0.1,0.0,0.04,0.25,-0.3,0.0,[Fe/H],4.42,0.02,-0.02,0.0,09h53m40.02s,148.4167672,-45d39m32.79s,-45.6591078,268.325,1.72,-1.698,12.248,0.069,-0.069,10.481,0.023,-0.023,12.1088,0.000533,-0.000533
WASP-193 b,WASP-193,1,1,Transit,2023,WASP-South,0,6.2463345,3e-07,-3e-07,0.0,0.0676,0.0015,-0.0015,0.0,16.41,0.661,-0.639,0.0,1.464,0.059,-0.057,0.0,44.17815,9.21702,-9.21702,0.0,0.139,0.029,-0.029,0.0,Mass,0.056,0.068,-0.04,0.0,413.0,39.0,-42.0,0.0,1254.0,31.0,-31.0,0.0,0,F9,6078.0,120.0,-120.0,0.0,1.24,0.03,-0.03,0.0,1.06,0.07,-0.07,0.0,-0.06,0.088,-0.088,0.0,[Fe/H],4.28,0.03,-0.03,0.0,10h57m23.79s,164.3491401,-29d59m49.64s,-29.9971229,362.087,5.384,-5.232,11.972,0.023,-0.023,10.745,0.035,-0.035,12.0421,0.000261,-0.000261
WASP-2 b,WASP-2,2,1,Transit,2007,SuperWASP,0,2.152175,1.2e-05,-1.1e-05,0.0,0.03144,0.00088,-0.00087,0.0,12.117,0.46,-0.448,0.0,1.081,0.041,-0.04,0.0,295.89973,19.0698,-18.43414,0.0,0.931,0.06,-0.058,0.0,Mass,0.0054,0.009,-0.0044,0.0,492.0,80.0,-71.0,0.0,1311.0,52.0,-50.0,0.0,0,K1,5180.0,190.0,-190.0,0.0,0.87,0.03,-0.03,0.0,0.9,0.08,-0.07,0.0,0.12,0.21,-0.19,0.0,[Fe/H],4.51,0.02,-0.02,0.0,20h30m54.13s,307.7255587,+06d25m45.59s,6.4293305,153.242,1.64,-1.605,11.728,0.034,-0.034,9.632,0.024,-0.024,11.5638,0.001019,-0.001019
WASP-77 A b,WASP-77 A,2,1,Transit,2012,SuperWASP,0,1.36002854,6.2e-07,-6.2e-07,0.0,0.02335,0.00045,-0.00043,0.0,13.787,0.347,-0.325,0.0,1.23,0.031,-0.029,0.0,529.81995,21.61233,-20.34102,0.0,1.667,0.068,-0.064,0.0,Mass,0.0074,0.0069,-0.0049,0.0,1440.0,90.0,-80.0,0.0,1715.0,26.0,-25.0,0.0,0,G8 V,5617.0,72.0,-72.0,0.0,0.91,0.03,-0.02,0.0,0.9,0.07,-0.06,0.0,-0.1,0.1,-0.11,0.0,[Fe/H],4.48,0.01,-0.02,0.0,02h28m37.33s,37.1555223,-07d03m38.40s,-7.0606675,105.166,1.209,-1.182,10.294,0.007,-0.007,8.405,0.031,-0.031,10.0966,0.00158,-0.00158
Wolf 503 b,Wolf 503,1,1,Transit,2018,K2,0,6.00127,2.1e-05,-2.1e-05,0.0,0.05712,0.00063,-0.00045,0.0,2.043,0.069,-0.069,0.0,0.182,0.006,-0.006,0.0,6.27,0.85,-0.84,0.0,0.01973,0.00267,-0.00264,0.0,Mass,0.409,0.085,-0.085,0.0,64.7,5.5,-5.5,0.0,789.0,16.0,-16.0,0.0,0,K3.5 V,4716.0,60.0,-60.0,0.0,0.69,0.02,-0.02,0.0,0.69,0.02,-0.02,0.0,-0.47,0.08,-0.08,0.0,[Fe/H],4.62,0.02,-0.01,0.0,13h47m23.09s,206.8461979,-06d08m21.61s,-6.1393369,44.526,0.0964,-0.0961,10.27,0.03,-0.03,7.617,0.023,-0.023,9.89816,0.000337,-0.000337
XO-7 b,XO-7,1,1,Transit,2019,XO,0,2.8641424,4.3e-06,-4.3e-06,0.0,0.04421,0.00062,-0.00062,0.0,15.39,0.291,-0.291,0.0,1.373,0.026,-0.026,0.0,225.34147,10.80622,-10.80622,0.0,0.709,0.034,-0.034,0.0,Mass,0.038,0.033,-0.033,0.0,1540.0,81.0,-81.0,0.0,1743.0,23.0,-23.0,0.0,0,G0 V,6250.0,100.0,-100.0,0.0,1.48,0.02,-0.02,0.0,1.41,0.06,-0.06,0.0,0.432,0.057,-0.057,0.0,[Fe/H],4.25,0.02,-0.02,0.0,18h29m54.74s,277.4780753,+85d13m59.95s,85.2333208,234.149,1.194,-1.181,10.521,0.006,-0.006,9.241,0.024,-0.024,10.4575,0.000449,-0.000449
pi Men c,HD 39091,1,3,Transit,2018,Transiting Exoplanet Survey Satellite (TESS),0,6.26791,0.00043,-0.00043,0.0,0.069,0.003,-0.003,0.0,2.06,0.03,-0.03,0.0,0.184,0.003,-0.003,0.0,3.63,0.38,-0.38,0.0,0.01142,0.0012,-0.0012,0.0,Mass,0.077,0.076,-0.049,0.0,309.0,29.0,-66.0,0.0,1170.0,3.0,-4.0,0.0,0,G0 V,6037.0,45.0,-45.0,0.0,1.19,0.0,0.0,0.0,1.1,0.14,-0.14,0.0,0.08,0.03,-0.03,0.0,[Fe/H],4.36,0.02,-0.02,0.0,05h37m11.83s,84.2992798,-80d27m52.57s,-80.4646041,18.2702,0.0226,-0.0226,5.65,0.03,-0.03,4.241,0.027,-0.027,5.5128,0.0019464,-0.0019464
